type,yahoo_symbol,trading212_symbol,benchmark_index,currency,sector,sub_industry,region,size,source,enabled
ticker,AAPL,AAPL,^GSPC,,Information Technology,"Technology Hardware, Storage & Peripherals",US,Mega/Large,LargeCap,Y
ticker,MSFT,MSFT,^GSPC,,Information Technology,Systems Software,US,Mega/Large,LargeCap,Y
ticker,NVDA,NVDA,^GSPC,,Information Technology,Semiconductors,US,Mega/Large,LargeCap,Y
ticker,AMD,AMD,^GSPC,,Information Technology,Semiconductors,US,Mega/Large,LargeCap,Y
ticker,TSLA,TSLA,^GSPC,,Consumer Discretionary,Automobile Manufacturers,US,Mega/Large,LargeCap,Y
ticker,INTC,INTC,^GSPC,,Information Technology,Semiconductors,US,Mega/Large,LargeCap,Y
ticker,GDS,GDS,^GSPC,,Information Technology,,US,Mega/Large,LargeCap,Y
ticker,QBTS,QBTS,^GSPC,,,,US,Mega/Large,LargeCap,Y
ticker,IONQ,IONQ,^GSPC,,,,US,Mega/Large,LargeCap,Y
ticker,RGTI,RGTI,^GSPC,,,,US,Mega/Large,LargeCap,Y
ticker,QUBT,QUBT,^GSPC,,,,US,Mega/Large,LargeCap,Y
ticker,PFE,PFE,^GSPC,,Health Care,Pharmaceuticals,US,Mega/Large,LargeCap,Y
ticker,JNJ,JNJ,^GSPC,,Health Care,Pharmaceuticals,US,Mega/Large,LargeCap,Y
ticker,MRK,MRK,^GSPC,,Health Care,Pharmaceuticals,US,Mega/Large,LargeCap,Y
ticker,ABBV,ABBV,^GSPC,,Health Care,Biotechnology,US,Large,Dividend,Y
ticker,BMY,BMY,^GSPC,,Health Care,Pharmaceuticals,US,Mega/Large,LargeCap,Y
ticker,LLY,LLY,^GSPC,,Health Care,Pharmaceuticals,US,Mega/Large,LargeCap,Y
ticker,GILD,GILD,^GSPC,,Health Care,Biotechnology,US,Mega/Large,LargeCap,Y
ticker,AMGN,AMGN,^GSPC,,Health Care,Biotechnology,US,Mega/Large,LargeCap,Y
ticker,REGN,REGN,^GSPC,,Health Care,Biotechnology,US,Mega/Large,LargeCap,Y
ticker,VRTX,VRTX,^GSPC,,Health Care,Biotechnology,US,Mega/Large,LargeCap,Y
ticker,BIIB,BIIB,^GSPC,,Health Care,Biotechnology,US,Mega/Large,LargeCap,Y
ticker,TEVA,TEVA,^GSPC,,Health Care,,US,Mega/Large,LargeCap,Y
ticker,ZTS,ZTS,^GSPC,,Health Care,Pharmaceuticals,US,Mega/Large,LargeCap,Y
ticker,ALKS,ALKS,^GSPC,,Health Care,Pharmaceuticals,US,Mega/Large,LargeCap,Y
ticker,IONS,IONS,^GSPC,,Information Technology,,US,Mega/Large,LargeCap,Y
ticker,INCY,INCY,^GSPC,,Health Care,Biotechnology,US,Mega/Large,LargeCap,Y
ticker,RHM.DE,,^GDAXI,,Industrials,,Europe,Mega/Large,LargeCap,Y
ticker,HAG.DE,,^GDAXI,,Industrials,,Europe,Mega/Large,LargeCap,Y
ticker,HO.PA,,^FCHI,,Industrials,,Europe,Mega/Large,LargeCap,Y
ticker,SAF.PA,,^FCHI,,Industrials,,Europe,Mega/Large,LargeCap,Y
ticker,AM.PA,,^FCHI,,Industrials,,Europe,Mega/Large,LargeCap,Y
ticker,BA.L,,^FTSE,,Industrials,,UK,Mega/Large,LargeCap,Y
ticker,RR.L,,^FTSE,,Industrials,,UK,Mega/Large,LargeCap,Y
ticker,QQ.L,,^FTSE,,Industrials,,UK,Mega/Large,LargeCap,Y
ticker,LDO.MI,,FTSEMIB.MI,,Industrials,,Europe,,,Y
ticker,IDR.MC,,^IBEX,,Industrials,,Europe,Mega/Large,LargeCap,Y
ticker,SAAB-B.ST,,^OMX,,Industrials,,Europe,,,Y
ticker,AIR.AS,,^AEX,,Industrials,,Europe,Mega/Large,LargeCap,Y
ticker,KOG.OL,,^OSEAX,,Industrials,,Europe,,,Y
ticker,SAP.DE,SAPD,^GDAXI,,Information Technology,,Europe,Mega/Large,LargeCap,Y
ticker,ASML.AS,,^AEX,,Information Technology,,Europe,Mega/Large,LargeCap,Y
ticker,ADYEN.AS,,^AEX,,Information Technology,,Europe,Mega/Large,LargeCap,Y
ticker,CAP.PA,,^FCHI,,Information Technology,,Europe,Mega/Large,LargeCap,Y
ticker,SGE.L,,^FTSE,,Information Technology,,UK,Mega/Large,LargeCap,Y
ticker,ERIC-B.ST,,^OMX,,Communication Services,Telecommunications,Europe,,,Y
ticker,DBK.DE,,^GDAXI,,Financials,,Europe,Mega/Large,LargeCap,Y
ticker,CBK.DE,,^GDAXI,,Financials,,Europe,Mega/Large,LargeCap,Y
ticker,BNP.PA,,^FCHI,,Financials,,Europe,Mega/Large,LargeCap,Y
ticker,GLE.PA,,^FCHI,,Financials,,Europe,Mega/Large,LargeCap,Y
ticker,HSBA.L,,^FTSE,,Financials,,UK,Mega/Large,LargeCap,Y
ticker,LLOY.L,,^FTSE,,Financials,,UK,Mega/Large,LargeCap,Y
ticker,BARC.L,,^FTSE,,Financials,,UK,Mega/Large,LargeCap,Y
ticker,SAN.MC,,^IBEX,,Financials,,Europe,Mega/Large,LargeCap,Y
ticker,BBVA.MC,,^IBEX,,Financials,,Europe,Mega/Large,LargeCap,Y
ticker,ISP.MI,,FTSEMIB.MI,,Financials,,Europe,,,Y
ticker,UCG.MI,,FTSEMIB.MI,,Financials,,Europe,,,Y
ticker,INGA.AS,,^AEX,,Financials,,Europe,Mega/Large,LargeCap,Y
ticker,UBSG.SW,,^SSMI,,Financials,,Europe,Mega/Large,LargeCap,Y
ticker,VOW3.DE,,^GDAXI,,,,Europe,Mega/Large,LargeCap,Y
ticker,BMW.DE,,^GDAXI,,Consumer Discretionary,Automobiles and Parts,Europe,Mega/Large,LargeCap,Y
ticker,RNO.PA,,^FCHI,,Consumer Discretionary,Automobiles and Parts,Europe,Mega/Large,LargeCap,Y
ticker,PEUG.PA,,^FCHI,,,,Europe,Mega/Large,LargeCap,Y
ticker,STLA,,FTSEMIB.MI,,,,US,,,Y
ticker,VOLV-B.ST,,^OMX,,Industrials,Industrial Goods and Services,Europe,,,Y
ticker,BP.L,,^FTSE,,Energy,,UK,Mega/Large,LargeCap,Y
ticker,SHEL.L,,^FTSE,,Energy,,UK,Mega/Large,LargeCap,Y
ticker,TTE.PA,,^FCHI,,Energy,,Europe,Mega/Large,LargeCap,Y
ticker,ENI.MI,,FTSEMIB.MI,,Energy,,Europe,,,Y
ticker,REP.MC,,^IBEX,,Energy,,Europe,Mega/Large,LargeCap,Y
ticker,EQNR.OL,,^OSEAX,,Energy,,Europe,,,Y
ticker,NOVN.SW,,^SSMI,,Health Care,,Europe,Mega/Large,LargeCap,Y
ticker,ROG.SW,,^SSMI,,Health Care,,Europe,Mega/Large,LargeCap,Y
ticker,GSK.L,,^FTSE,,Health Care,,UK,Mega/Large,LargeCap,Y
ticker,GS71.DE,GS71,^GDAXI,,,,Europe,Mega/Large,LargeCap,Y
ticker,WTAI,WTAI,^GSPC,,,,US,Mega/Large,LargeCap,Y
ticker,AZN.L,,^FTSE,,Health Care,,UK,Mega/Large,LargeCap,Y
ticker,HIK.L,,^FTSE,,Health Care,,UK,Mega/Large,LargeCap,Y
ticker,SAN.PA,,^FCHI,,Health Care,,Europe,Mega/Large,LargeCap,Y
ticker,IPS.PA,,^FCHI,,Health Care,,Europe,Mega/Large,LargeCap,Y
ticker,BAYN.DE,,^GDAXI,,Health Care,,Europe,Mega/Large,LargeCap,Y
ticker,MRK.DE,,^GDAXI,,Health Care,,Europe,Mega/Large,LargeCap,Y
ticker,FRE.DE,,^GDAXI,,Health Care,,Europe,Mega/Large,LargeCap,Y
ticker,EVT.DE,,^GDAXI,,Health Care,,Europe,Mega/Large,LargeCap,Y
ticker,NOVO-B.CO,,^OMXC25,,Health Care,,Europe,Mega/Large,LargeCap,Y
ticker,LUN.TO,,^GSPTSE,,Energy,Energy,Canada,Mega/Large,LargeCap,Y
ticker,UCB.BR,,^BFX,,Health Care,,Europe,,,Y
ticker,PHIA.AS,,^AEX,,Health Care,,Europe,Mega/Large,LargeCap,Y
ticker,PHG,,^AEX,,,,US,Mega/Large,LargeCap,Y
ticker,GETI-B.ST,,^OMX,,Health Care,,Europe,,,Y
ticker,REC.MI,,FTSEMIB.MI,,Health Care,,Europe,,,Y
ticker,DIA.MI,,FTSEMIB.MI,,Health Care,,Europe,,,Y
ticker,GRF.MC,,^IBEX,,Health Care,,Europe,Mega/Large,LargeCap,Y
ticker,FAE.MC,,^IBEX,,Health Care,,Europe,Mega/Large,LargeCap,Y
ticker,PZU.WA,,^WIG20,,Health Care,,Europe,,,Y
ticker,EVN.VI,,^ATX,,Health Care,,Europe,,,Y
ticker,MC.PA,,^FCHI,,Consumer Discretionary,,Europe,Mega/Large,LargeCap,Y
ticker,KER.PA,,^FCHI,,Consumer Discretionary,Consumer Products and Services,Europe,Mega/Large,LargeCap,Y
ticker,CFR.SW,,^SSMI,,Consumer Discretionary,,Europe,Mega/Large,LargeCap,Y
ticker,DGE.L,,^FTSE,,Consumer Discretionary,,UK,Mega/Large,LargeCap,Y
ticker,ULVR.L,,^FTSE,,Consumer Discretionary,,UK,Mega/Large,LargeCap,Y
ticker,ADS.DE,,^GDAXI,,Consumer Discretionary,,Europe,Mega/Large,LargeCap,Y
ticker,PRY.MI,,FTSEMIB.MI,,Consumer Discretionary,,Europe,,,Y
ticker,SIEGY,SIEGY,^GSPC,,Industrials,,US,Mega/Large,LargeCap,Y
ticker,SIE.DE,,^GDAXI,,Industrials,,Europe,Mega/Large,LargeCap,Y
ticker,SMIN.L,,^FTSE,,Industrials,,UK,Mega/Large,LargeCap,Y
ticker,ATCO-A.ST,,^OMX,,Industrials,,Europe,,,Y
ticker,ATCO-B.ST,,^OMX,,Industrials,,Europe,,,Y
ticker,VOD.L,,^FTSE,,Communication Services,,UK,Mega/Large,LargeCap,Y
ticker,BT-A.L,,^FTSE,,Communication Services,,UK,Mega/Large,LargeCap,Y
ticker,DTE.DE,,^GDAXI,,Information Technology,,Europe,Mega/Large,LargeCap,Y
ticker,TEF.MC,,^IBEX,,Communication Services,,Europe,Mega/Large,LargeCap,Y
ticker,KPN.AS,,^AEX,,Communication Services,,Europe,Mega/Large,LargeCap,Y
ticker,EOAN.DE,,^GDAXI,,Utilities,,Europe,Mega/Large,LargeCap,Y
ticker,ENGI.PA,,^FCHI,,Utilities,,Europe,Mega/Large,LargeCap,Y
ticker,NG.L,,^FTSE,,Utilities,,UK,Mega/Large,LargeCap,Y
ticker,IBE.MC,,^IBEX,,Utilities,,Europe,Mega/Large,LargeCap,Y
ticker,ENEL.MI,,FTSEMIB.MI,,Utilities,,Europe,,,Y
ticker,RIO.L,,^FTSE,,Materials,,UK,Mega/Large,LargeCap,Y
ticker,GLEN.L,,^FTSE,,Materials,,UK,Mega/Large,LargeCap,Y
ticker,LONN.SW,,^SSMI,,Materials,,Europe,Mega/Large,LargeCap,Y
ticker,BAS.DE,,^GDAXI,,Materials,,Europe,Mega/Large,LargeCap,Y
ticker,LAND.L,,^FTSE,,Real Estate,,UK,Mega/Large,LargeCap,Y
ticker,VNA.DE,,^GDAXI,,Real Estate,,Europe,Mega/Large,LargeCap,Y
ticker,NESN.SW,,^SSMI,,Consumer Staples,"Food, Beverage and Tobacco",Europe,Mega/Large,LargeCap,Y
ticker,TSCO.L,,^FTSE,,Consumer Staples,,UK,Mega/Large,LargeCap,Y
ticker,DANOY,DANOY,^GSPC,,Consumer Staples,,US,Mega/Large,LargeCap,Y
ticker,HEIA.AS,,^AEX,,,,Europe,Mega/Large,LargeCap,Y
ticker,NXT.L,,^FTSE,,Consumer Discretionary,,UK,Mega/Large,LargeCap,Y
ticker,ZAL.DE,,^GDAXI,,Consumer Discretionary,,Europe,Mega/Large,LargeCap,Y
ticker,CA.PA,,^FCHI,,Consumer Discretionary,,Europe,Mega/Large,LargeCap,Y
ticker,ADBE,ADBE,^GSPC,,Information Technology,Application Software,US,Mega/Large,LargeCap,Y
ticker,AMZN,AMZN,^GSPC,,Consumer Discretionary,Broadline Retail,US,Mega/Large,LargeCap,Y
ticker,AVGO,AVGO,^GSPC,,Information Technology,Semiconductors,US,Mega/Large,LargeCap,Y
ticker,AXP,AXP,^GSPC,,Financials,Consumer Finance,US,Mega/Large,LargeCap,Y
ticker,BA,BA,^GSPC,,Industrials,Aerospace & Defense,US,Mega/Large,LargeCap,Y
ticker,BKNG,BKNG,^GSPC,,Consumer Discretionary,"Hotels, Resorts & Cruise Lines",US,Mega/Large,LargeCap,Y
ticker,CAT,CAT,^GSPC,,Industrials,Construction Machinery & Heavy Transportation Equipment,US,Mega/Large,LargeCap,Y
ticker,COST,COST,^GSPC,,Consumer Staples,Consumer Staples Merchandise Retail,US,Mega/Large,LargeCap,Y
ticker,CRM,CRM,^GSPC,,Information Technology,Application Software,US,Mega/Large,LargeCap,Y
ticker,CRWD,CRWD,^GSPC,,Information Technology,Systems Software,US,Mega/Large,LargeCap,Y
ticker,DE,DE,^GSPC,,Industrials,Agricultural & Farm Machinery,US,Mega/Large,LargeCap,Y
ticker,GE,GE,^GSPC,,Industrials,Aerospace & Defense,US,Mega/Large,LargeCap,Y
ticker,GOOG,GOOG,^GSPC,,Communication Services,Interactive Media & Services,US,Large,Dividend,Y
ticker,GOOGL,GOOGL,^GSPC,,Communication Services,Interactive Media & Services,US,Large,Dividend,Y
ticker,HD,HD,^GSPC,,Consumer Discretionary,Home Improvement Retail,US,Mega/Large,LargeCap,Y
ticker,HON,HON,^GSPC,,Industrials,Industrial Conglomerates,US,Mega/Large,LargeCap,Y
ticker,INTU,INTU,^GSPC,,Information Technology,Application Software,US,Large,Dividend,Y
ticker,ISRG,ISRG,^GSPC,,Health Care,Health Care Equipment,US,Mega/Large,LargeCap,Y
ticker,JPM,JPM,^GSPC,,Financials,Diversified Banks,US,Mega/Large,LargeCap,Y
ticker,LOW,LOW,^GSPC,,Consumer Discretionary,Home Improvement Retail,US,Large,Dividend,Y
ticker,MA,MA,^GSPC,,Financials,Transaction & Payment Processing Services,US,Large,Dividend,Y
ticker,META,META,^GSPC,,Communication Services,Interactive Media & Services,US,Large,Dividend,Y
ticker,MMM,MMM,^GSPC,,Industrials,Industrial Conglomerates,US,Large,Dividend,Y
ticker,NFLX,NFLX,^GSPC,,Communication Services,Movies & Entertainment,US,Large,Dividend,Y
ticker,NOW,NOW,^GSPC,,Information Technology,Systems Software,US,Mega/Large,LargeCap,Y
ticker,ORCL,ORCL,^GSPC,,Information Technology,Application Software,US,Large,Dividend,Y
ticker,PEP,PEP,^GSPC,,Consumer Staples,Soft Drinks & Non-alcoholic Beverages,US,Large,Dividend,Y
ticker,PLTR,PLTR,^GSPC,,Information Technology,Application Software,US,Mega/Large,LargeCap,Y
ticker,QCOM,QCOM,^GSPC,,Information Technology,Semiconductors,US,Large,Dividend,Y
ticker,RTX,RTX,^GSPC,,Industrials,Aerospace & Defense,US,Mega/Large,LargeCap,Y
ticker,SBUX,SBUX,^GSPC,,Consumer Discretionary,Restaurants,US,Mega/Large,LargeCap,Y
ticker,SNOW,SNOW,^GSPC,,Information Technology,,US,Mega/Large,LargeCap,Y
ticker,TMO,TMO,^GSPC,,Health Care,Life Sciences Tools & Services,US,Mega/Large,LargeCap,Y
ticker,V,V,^GSPC,,Financials,Transaction & Payment Processing Services,US,Mega/Large,LargeCap,Y
ticker,XOM,XOM,^GSPC,,Energy,Integrated Oil & Gas,US,Large,Dividend,Y
ticker,BAC,BAC,^GSPC,,Financials,Diversified Banks,US,Large,Dividend,Y
ticker,BK,BK,^GSPC,,Financials,,US,Mega/Large,LargeCap,Y
ticker,BLK,BLK,^GSPC,,Financials,Asset Management & Custody Banks,US,Mega/Large,LargeCap,Y
ticker,BMO,BMO,^GSPC,,Financials,Banks,US,All,curated,Y
ticker,BNS,BNS,^GSPC,,Financials,Banks,US,All,curated,Y
ticker,C,C,^GSPC,,Financials,Diversified Banks,US,Large,Dividend,Y
ticker,CFG,CFG,^GSPC,,Financials,Regional Banks,US,Large,Dividend,Y
ticker,CMCSA,CMCSA,^GSPC,,Communication Services,Cable & Satellite,US,Mega/Large,LargeCap,Y
ticker,COF,COF,^GSPC,,Financials,Consumer Finance,US,Large,Dividend,Y
ticker,CSCO,CSCO,^GSPC,,Information Technology,Communications Equipment,US,Large,Dividend,Y
ticker,DDOG,DDOG,^GSPC,,Information Technology,Application Software,US,Mega/Large,LargeCap,Y
ticker,DELL,DELL,^GSPC,,Information Technology,"Technology Hardware, Storage & Peripherals",US,Large,Dividend,Y
ticker,DHI,DHI,^GSPC,,Consumer Discretionary,Homebuilding,US,Large,Dividend,Y
ticker,DIS,DIS,^GSPC,,Communication Services,Movies & Entertainment,US,Large,Dividend,Y
ticker,DOCN,DOCN,^GSPC,,Information Technology,Internet Services & Infrastructure,US,Mega/Large,LargeCap,Y
ticker,ESTC,ESTC,^GSPC,,,,US,Mega/Large,LargeCap,Y
ticker,FITB,FITB,^GSPC,,Financials,Regional Banks,US,Mega/Large,LargeCap,Y
ticker,FTNT,FTNT,^GSPC,,Information Technology,Systems Software,US,Mega/Large,LargeCap,Y
ticker,GS,GS,^GSPC,,Financials,Investment Banking & Brokerage,US,Mega/Large,LargeCap,Y
ticker,HBAN,HBAN,^GSPC,,Financials,Regional Banks,US,Mega/Large,LargeCap,Y
ticker,HPE,HPE,^GSPC,,Information Technology,"Technology Hardware, Storage & Peripherals",US,Large,Dividend,Y
ticker,HPQ,HPQ,^GSPC,,Information Technology,"Technology Hardware, Storage & Peripherals",US,Large,Dividend,Y
ticker,IBM,IBM,^GSPC,,Information Technology,IT Consulting & Other Services,US,Large,Dividend,Y
ticker,KBH,KBH,^GSPC,,Consumer Discretionary,Homebuilding,US,Large,Dividend,Y
ticker,KEY,KEY,^GSPC,,Financials,Regional Banks,US,Mega/Large,LargeCap,Y
ticker,KO,KO,^GSPC,,Consumer Staples,Soft Drinks & Non-alcoholic Beverages,US,Large,Dividend,Y
ticker,LEN,LEN,^GSPC,,Consumer Discretionary,Homebuilding,US,Large,Dividend,Y
ticker,MCD,MCD,^GSPC,,Consumer Discretionary,Restaurants,US,Large,Dividend,Y
ticker,MDB,MDB,^GSPC,,Information Technology,,US,Mega/Large,LargeCap,Y
ticker,MS,MS,^GSPC,,Financials,Investment Banking & Brokerage,US,Mega/Large,LargeCap,Y
ticker,MTB,MTB,^GSPC,,Financials,Regional Banks,US,Mega/Large,LargeCap,Y
ticker,NET,NET,^GSPC,,Information Technology,,US,Mega/Large,LargeCap,Y
ticker,NKE,NKE,^GSPC,,Consumer Discretionary,"Apparel, Accessories & Luxury Goods",US,Mega/Large,LargeCap,Y
ticker,NTRS,NTRS,^GSPC,,Financials,Asset Management & Custody Banks,US,Mega/Large,LargeCap,Y
ticker,NVR,NVR,^GSPC,,Consumer Discretionary,Homebuilding,US,Large,Dividend,Y
ticker,OKTA,OKTA,^GSPC,,Information Technology,Application Software,US,Mega/Large,LargeCap,Y
ticker,PANW,PANW,^GSPC,,Information Technology,Systems Software,US,Mega/Large,LargeCap,Y
ticker,PG,PG,^GSPC,,Consumer Staples,Personal Care Products,US,Large,Dividend,Y
ticker,PHM,PHM,^GSPC,,Consumer Discretionary,Homebuilding,US,Large,Dividend,Y
ticker,PNC,PNC,^GSPC,,Financials,Diversified Banks,US,Mega/Large,LargeCap,Y
ticker,ROST,ROST,^GSPC,,Consumer Discretionary,Apparel Retail,US,Mega/Large,LargeCap,Y
ticker,RY,RY,^GSPC,,Financials,Banks,US,All,curated,Y
ticker,SCHW,SCHW,^GSPC,,Financials,Investment Banking & Brokerage,US,Mega/Large,LargeCap,Y
ticker,STT,STT,^GSPC,,Financials,Asset Management & Custody Banks,US,Mega/Large,LargeCap,Y
ticker,T,T,^GSPC,,Communication Services,Integrated Telecommunication Services,US,Mega/Large,LargeCap,Y
ticker,TD,TD,^GSPC,,Financials,Banks,US,All,curated,Y
ticker,TFC,TFC,^GSPC,,Financials,Diversified Banks,US,Mega/Large,LargeCap,Y
ticker,TGT,TGT,^GSPC,,Consumer Staples,Consumer Staples Merchandise Retail,US,Large,Dividend,Y
ticker,TJX,TJX,^GSPC,,Consumer Discretionary,Apparel Retail,US,Mega/Large,LargeCap,Y
ticker,TOL,TOL,^GSPC,,Consumer Discretionary,Homebuilding,US,Large,Dividend,Y
ticker,UNH,UNH,^GSPC,,Health Care,Managed Health Care,US,Mega/Large,LargeCap,Y
ticker,USB,USB,^GSPC,,Financials,Diversified Banks,US,Mega/Large,LargeCap,Y
ticker,VZ,VZ,^GSPC,,Communication Services,Integrated Telecommunication Services,US,Mega/Large,LargeCap,Y
ticker,WFC,WFC,^GSPC,,Financials,Diversified Banks,US,Mega/Large,LargeCap,Y
ticker,WMT,WMT,^GSPC,,Consumer Staples,Consumer Staples Merchandise Retail,US,Large,Dividend,Y
ticker,ZION,ZION,^GSPC,,Financials,Regional Banks,US,Mega/Large,LargeCap,Y
ticker,ZS,ZS,^GSPC,,Information Technology,,US,Mega/Large,LargeCap,Y
ticker,ANET,ANET,^GSPC,,Information Technology,Communications Equipment,US,Mega/Large,LargeCap,Y
ticker,APP,APP,^GSPC,,Information Technology,Application Software,US,Mega/Large,LargeCap,Y
ticker,CDNS,CDNS,^GSPC,,Information Technology,Application Software,US,Mega/Large,LargeCap,Y
ticker,CHKP,CHKP,^GSPC,,Information Technology,,US,Mega/Large,LargeCap,Y
ticker,CTSH,CTSH,^GSPC,,Information Technology,IT Consulting & Other Services,US,Mega/Large,LargeCap,Y
ticker,DOCU,DOCU,^GSPC,,Information Technology,Application Software,US,Mega/Large,LargeCap,Y
ticker,FRSH,FRSH,^GSPC,,,,US,Mega/Large,LargeCap,Y
ticker,GTLB,GTLB,^GSPC,,,,US,Mega/Large,LargeCap,Y
ticker,HUBS,HUBS,^GSPC,,Information Technology,,US,Mega/Large,LargeCap,Y
ticker,QLYS,QLYS,^GSPC,,Information Technology,Systems Software,US,Mega/Large,LargeCap,Y
ticker,RPD,RPD,^GSPC,,,,US,Mega/Large,LargeCap,Y
ticker,TEAM,TEAM,^GSPC,,Information Technology,,US,Mega/Large,LargeCap,Y
ticker,TENB,TENB,^GSPC,,,,US,Mega/Large,LargeCap,Y
ticker,VEEV,VEEV,^GSPC,,Health Care,Health Care Technology,US,Mega/Large,LargeCap,Y
ticker,WDAY,WDAY,^GSPC,,Information Technology,Application Software,US,Mega/Large,LargeCap,Y
ticker,ZM,ZM,^GSPC,,Information Technology,,US,Mega/Large,LargeCap,Y
ticker,AMAT,AMAT,^GSPC,,Information Technology,Semiconductor Materials & Equipment,US,Mega/Large,LargeCap,Y
ticker,ASML,ASML,^GSPC,,Information Technology,Technology,US,All,curated,Y
ticker,LRCX,LRCX,^GSPC,,Information Technology,Semiconductor Materials & Equipment,US,Mega/Large,LargeCap,Y
ticker,KLAC,KLAC,^GSPC,,Information Technology,Semiconductor Materials & Equipment,US,Mega/Large,LargeCap,Y
ticker,MCHP,MCHP,^GSPC,,Information Technology,Semiconductors,US,Mega/Large,LargeCap,Y
ticker,MPWR,MPWR,^GSPC,,Information Technology,Semiconductors,US,Mega/Large,LargeCap,Y
ticker,MRVL,MRVL,^GSPC,,Information Technology,,US,Mega/Large,LargeCap,Y
ticker,NXPI,NXPI,^GSPC,,Information Technology,Semiconductors,US,Mega/Large,LargeCap,Y
ticker,ON,ON,^GSPC,,Information Technology,Semiconductors,US,Mega/Large,LargeCap,Y
ticker,QRVO,QRVO,^GSPC,,Information Technology,Semiconductors,US,Mega/Large,LargeCap,Y
ticker,SWKS,SWKS,^GSPC,,Information Technology,Semiconductors,US,Mega/Large,LargeCap,Y
ticker,TXN,TXN,^GSPC,,Information Technology,Semiconductors,US,Mega/Large,LargeCap,Y
ticker,WOLF,WOLF,^GSPC,,Information Technology,,US,Mega/Large,LargeCap,Y
ticker,ADSK,ADSK,^GSPC,,Information Technology,Application Software,US,Mega/Large,LargeCap,Y
ticker,FROG,FROG,^GSPC,,,,US,Mega/Large,LargeCap,Y
ticker,EBAY,EBAY,^GSPC,,Consumer Discretionary,Broadline Retail,US,Mega/Large,LargeCap,Y
ticker,ETSY,ETSY,^GSPC,,Consumer Discretionary,Broadline Retail,US,Mega/Large,LargeCap,Y
ticker,MELI,MELI,^GSPC,,Consumer Discretionary,,US,Mega/Large,LargeCap,Y
ticker,SHOP,SHOP,^GSPC,,Consumer Discretionary,,US,Mega/Large,LargeCap,Y
ticker,BBY,BBY,^GSPC,,Consumer Discretionary,Computer & Electronics Retail,US,Mega/Large,LargeCap,Y
ticker,DKS,DKS,^GSPC,,Consumer Discretionary,Specialty Stores,US,Mega/Large,LargeCap,Y
ticker,ULTA,ULTA,^GSPC,,Consumer Discretionary,Other Specialty Retail,US,Mega/Large,LargeCap,Y
ticker,ALLY,ALLY,^GSPC,,Financials,Consumer Finance,US,Mega/Large,LargeCap,Y
ticker,BEN,BEN,^GSPC,,Financials,Asset Management & Custody Banks,US,Large,Dividend,Y
ticker,CBOE,CBOE,^GSPC,,Financials,Financial Exchanges & Data,US,Mega/Large,LargeCap,Y
ticker,CME,CME,^GSPC,,Financials,Financial Exchanges & Data,US,Mega/Large,LargeCap,Y
ticker,COIN,COIN,^GSPC,,Financials,Financial Exchanges & Data,US,Mega/Large,LargeCap,Y
ticker,FDS,FDS,^GSPC,,Financials,Financial Exchanges & Data,US,Large,Dividend,Y
ticker,FIS,FIS,^GSPC,,Financials,Transaction & Payment Processing Services,US,Mega/Large,LargeCap,Y
ticker,FISV,FISV,^GSPC,,Financials,Transaction & Payment Processing Services,US,Mega/Large,LargeCap,Y
ticker,ICE,ICE,^GSPC,,Financials,Financial Exchanges & Data,US,Mega/Large,LargeCap,Y
ticker,IVZ,IVZ,^GSPC,,Financials,Asset Management & Custody Banks,US,Mega/Large,LargeCap,Y
ticker,NDAQ,NDAQ,^GSPC,,Financials,Financial Exchanges & Data,US,Mega/Large,LargeCap,Y
ticker,TROW,TROW,^GSPC,,Financials,Asset Management & Custody Banks,US,Large,Dividend,Y
ticker,ALNY,ALNY,^GSPC,,Information Technology,,US,Mega/Large,LargeCap,Y
ticker,BMRN,BMRN,^GSPC,,Health Care,Biotechnology,US,Mega/Large,LargeCap,Y
ticker,EXAS,EXAS,^GSPC,,Information Technology,,US,Mega/Large,LargeCap,Y
ticker,FOLD,FOLD,^GSPC,,Information Technology,,US,Mega/Large,LargeCap,Y
ticker,HALO,HALO,^GSPC,,Health Care,Biotechnology,US,Mega/Large,LargeCap,Y
ticker,ILMN,ILMN,^GSPC,,Health Care,Life Sciences Tools & Services,US,Mega/Large,LargeCap,Y
ticker,MRNA,MRNA,^GSPC,,Health Care,Biotechnology,US,Mega/Large,LargeCap,Y
ticker,NBIX,NBIX,^GSPC,,Health Care,Biotechnology,US,Mega/Large,LargeCap,Y
ticker,NVAX,NVAX,^GSPC,,Information Technology,,US,Mega/Large,LargeCap,Y
ticker,SGMO,SGMO,^GSPC,,Information Technology,,US,Mega/Large,LargeCap,Y
ticker,TECH,TECH,^GSPC,,Health Care,Life Sciences Tools & Services,US,Mega/Large,LargeCap,Y
ticker,XBI,XBI,^GSPC,,Information Technology,,US,Mega/Large,LargeCap,Y
ticker,CI,CI,^GSPC,,Health Care,Health Care Services,US,Mega/Large,LargeCap,Y
ticker,CNC,CNC,^GSPC,,Health Care,Managed Health Care,US,Mega/Large,LargeCap,Y
ticker,CVS,CVS,^GSPC,,Health Care,Health Care Services,US,Mega/Large,LargeCap,Y
ticker,HCA,HCA,^GSPC,,Health Care,Health Care Facilities,US,Mega/Large,LargeCap,Y
ticker,HUM,HUM,^GSPC,,Health Care,Managed Health Care,US,Mega/Large,LargeCap,Y
ticker,MOH,MOH,^GSPC,,Health Care,Managed Health Care,US,Mega/Large,LargeCap,Y
ticker,TDOC,TDOC,^GSPC,,Health Care,,US,Mega/Large,LargeCap,Y
ticker,ABT,ABT,^GSPC,,Health Care,Health Care Equipment,US,Large,Dividend,Y
ticker,ALGN,ALGN,^GSPC,,Health Care,Health Care Supplies,US,Mega/Large,LargeCap,Y
ticker,BAX,BAX,^GSPC,,Health Care,Health Care Equipment,US,Mega/Large,LargeCap,Y
ticker,BDX,BDX,^GSPC,,Health Care,Health Care Equipment,US,Large,Dividend,Y
ticker,BSX,BSX,^GSPC,,Health Care,Health Care Equipment,US,Mega/Large,LargeCap,Y
ticker,DHR,DHR,^GSPC,,Health Care,Life Sciences Tools & Services,US,Mega/Large,LargeCap,Y
ticker,EW,EW,^GSPC,,Health Care,Health Care Equipment,US,Mega/Large,LargeCap,Y
ticker,HOLX,HOLX,^GSPC,,Health Care,,US,Mega/Large,LargeCap,Y
ticker,MDT,MDT,^GSPC,,Health Care,Health Care Equipment,US,Mega/Large,LargeCap,Y
ticker,RMD,RMD,^GSPC,,Health Care,Health Care Equipment,US,Mega/Large,LargeCap,Y
ticker,SYK,SYK,^GSPC,,Health Care,Health Care Equipment,US,Mega/Large,LargeCap,Y
ticker,ZBH,ZBH,^GSPC,,Health Care,Health Care Equipment,US,Mega/Large,LargeCap,Y
ticker,CMG,CMG,^GSPC,,Consumer Discretionary,Restaurants,US,Mega/Large,LargeCap,Y
ticker,DRI,DRI,^GSPC,,Consumer Discretionary,Restaurants,US,Mega/Large,LargeCap,Y
ticker,YUM,YUM,^GSPC,,Consumer Discretionary,Restaurants,US,Mega/Large,LargeCap,Y
ticker,AS,AS,^GSPC,,Consumer Discretionary,,US,Mega/Large,LargeCap,Y
ticker,CL,CL,^GSPC,,Consumer Staples,Household Products,US,Large,Dividend,Y
ticker,CLX,CLX,^GSPC,,Consumer Staples,Household Products,US,Large,Dividend,Y
ticker,EL,EL,^GSPC,,Consumer Staples,Personal Care Products,US,Mega/Large,LargeCap,Y
ticker,GIS,GIS,^GSPC,,Consumer Staples,Packaged Foods & Meats,US,Mega/Large,LargeCap,Y
ticker,HRL,HRL,^GSPC,,Consumer Staples,Packaged Foods & Meats,US,Large,Dividend,Y
ticker,KMB,KMB,^GSPC,,Consumer Staples,Household Products,US,Large,Dividend,Y
ticker,MDLZ,MDLZ,^GSPC,,Consumer Staples,Packaged Foods & Meats,US,Mega/Large,LargeCap,Y
ticker,SJM,SJM,^GSPC,,Consumer Staples,Packaged Foods & Meats,US,Large,Dividend,Y
ticker,STZ,STZ,^GSPC,,Consumer Staples,Distillers & Vintners,US,Mega/Large,LargeCap,Y
ticker,TAP,TAP,^GSPC,,Consumer Staples,Brewers,US,Mega/Large,LargeCap,Y
ticker,AOS,AOS,^GSPC,,Industrials,Building Products,US,Large,Dividend,Y
ticker,CHRW,CHRW,^GSPC,,Industrials,Air Freight & Logistics,US,Mega/Large,LargeCap,Y
ticker,CMI,CMI,^GSPC,,Industrials,Construction Machinery & Heavy Transportation Equipment,US,Mega/Large,LargeCap,Y
ticker,CSX,CSX,^GSPC,,Industrials,Rail Transportation,US,Mega/Large,LargeCap,Y
ticker,DOV,DOV,^GSPC,,Industrials,Industrial Machinery & Supplies & Components,US,Large,Dividend,Y
ticker,EMR,EMR,^GSPC,,Industrials,Electrical Components & Equipment,US,Large,Dividend,Y
ticker,ETN,ETN,^GSPC,,Industrials,Electrical Components & Equipment,US,Mega/Large,LargeCap,Y
ticker,FAST,FAST,^GSPC,,Industrials,Trading Companies & Distributors,US,Large,Dividend,Y
ticker,GNRC,GNRC,^GSPC,,Industrials,Electrical Components & Equipment,US,Mega/Large,LargeCap,Y
ticker,IR,IR,^GSPC,,Industrials,Industrial Machinery & Supplies & Components,US,Mega/Large,LargeCap,Y
ticker,ITW,ITW,^GSPC,,Industrials,Industrial Machinery & Supplies & Components,US,Large,Dividend,Y
ticker,JCI,JCI,^GSPC,,Industrials,Building Products,US,Mega/Large,LargeCap,Y
ticker,LMT,LMT,^GSPC,,Industrials,Aerospace & Defense,US,Mega/Large,LargeCap,Y
ticker,NDSN,NDSN,^GSPC,,Industrials,Industrial Machinery & Supplies & Components,US,Large,Dividend,Y
ticker,PH,PH,^GSPC,,Industrials,Industrial Machinery & Supplies & Components,US,Large,Dividend,Y
ticker,PNR,PNR,^GSPC,,Industrials,Industrial Machinery & Supplies & Components,US,Large,Dividend,Y
ticker,ROK,ROK,^GSPC,,Industrials,Electrical Components & Equipment,US,Mega/Large,LargeCap,Y
ticker,SWK,SWK,^GSPC,,Industrials,Industrial Machinery & Supplies & Components,US,Large,Dividend,Y
ticker,TTC,TTC,^GSPC,,Industrials,Agricultural & Farm Machinery,US,Mega/Large,LargeCap,Y
ticker,UNP,UNP,^GSPC,,Industrials,Rail Transportation,US,Large,Dividend,Y
ticker,WWD,WWD,^GSPC,,Industrials,Electrical Components & Equipment,US,Mega/Large,LargeCap,Y
ticker,COP,COP,^GSPC,,Energy,Oil & Gas Exploration & Production,US,Mega/Large,LargeCap,Y
ticker,CVX,CVX,^GSPC,,Energy,Integrated Oil & Gas,US,Large,Dividend,Y
ticker,DVN,DVN,^GSPC,,Energy,Oil & Gas Exploration & Production,US,Mega/Large,LargeCap,Y
ticker,EOG,EOG,^GSPC,,Energy,Oil & Gas Exploration & Production,US,Mega/Large,LargeCap,Y
ticker,FANG,FANG,^GSPC,,Energy,Oil & Gas Exploration & Production,US,Mega/Large,LargeCap,Y
ticker,HAL,HAL,^GSPC,,Energy,Oil & Gas Equipment & Services,US,Mega/Large,LargeCap,Y
ticker,HESM,HES,^GSPC,,,,US,Mega/Large,LargeCap,Y
ticker,MPC,MPC,^GSPC,,Energy,Oil & Gas Refining & Marketing,US,Mega/Large,LargeCap,Y
ticker,OXY,OXY,^GSPC,,Energy,Oil & Gas Exploration & Production,US,Mega/Large,LargeCap,Y
ticker,SLB,SLB,^GSPC,,Energy,Oil & Gas Equipment & Services,US,Mega/Large,LargeCap,Y
ticker,VLO,VLO,^GSPC,,Energy,Oil & Gas Refining & Marketing,US,Mega/Large,LargeCap,Y
ticker,APD,APD,^GSPC,,Materials,Industrial Gases,US,Large,Dividend,Y
ticker,CF,CF,^GSPC,,Materials,Fertilizers & Agricultural Chemicals,US,Mega/Large,LargeCap,Y
ticker,DD,DD,^GSPC,,Materials,Specialty Chemicals,US,Mega/Large,LargeCap,Y
ticker,ECL,ECL,^GSPC,,Materials,Specialty Chemicals,US,Large,Dividend,Y
ticker,FCX,FCX,^GSPC,,Materials,Copper,US,Mega/Large,LargeCap,Y
ticker,LIN,LIN,^GSPC,,Materials,Industrial Gases,US,Large,Dividend,Y
ticker,LYB,LYB,^GSPC,,Materials,Specialty Chemicals,US,Mega/Large,LargeCap,Y
ticker,NEM,NEM,^GSPC,,Materials,Gold,US,Mega/Large,LargeCap,Y
ticker,PPG,PPG,^GSPC,,Materials,Specialty Chemicals,US,Large,Dividend,Y
ticker,SHW,SHW,^GSPC,,Materials,Specialty Chemicals,US,Large,Dividend,Y
ticker,VMC,VMC,^GSPC,,Materials,Construction Materials,US,Mega/Large,LargeCap,Y
ticker,WLK,WLK,^GSPC,,Materials,Specialty Chemicals,US,Mega/Large,LargeCap,Y
ticker,AMT,AMT,^GSPC,,Real Estate,Telecom Tower REITs,US,Mega/Large,LargeCap,Y
ticker,AVB,AVB,^GSPC,,Real Estate,Multi-Family Residential REITs,US,Mega/Large,LargeCap,Y
ticker,BXP,BXP,^GSPC,,Real Estate,Office REITs,US,Mega/Large,LargeCap,Y
ticker,CBRE,CBRE,^GSPC,,Real Estate,Real Estate Services,US,Mega/Large,LargeCap,Y
ticker,EQIX,EQIX,^GSPC,,Real Estate,Data Center REITs,US,Mega/Large,LargeCap,Y
ticker,EXPI,EXPI,^GSPC,,Real Estate,,US,Mega/Large,LargeCap,Y
ticker,PLD,PLD,^GSPC,,Real Estate,Industrial REITs,US,Mega/Large,LargeCap,Y
ticker,PSA,PSA,^GSPC,,Real Estate,Self-Storage REITs,US,Mega/Large,LargeCap,Y
ticker,SPG,SPG,^GSPC,,Real Estate,Retail REITs,US,Mega/Large,LargeCap,Y
ticker,WELL,WELL,^GSPC,,Real Estate,Health Care REITs,US,Mega/Large,LargeCap,Y
ticker,TMUS,TMUS,^GSPC,,Communication Services,Wireless Telecommunication Services,US,Mega/Large,LargeCap,Y
ticker,AEP,AEP,^GSPC,,Utilities,Electric Utilities,US,Mega/Large,LargeCap,Y
ticker,AWK,AWK,^GSPC,,Utilities,Water Utilities,US,Mega/Large,LargeCap,Y
ticker,DUK,DUK,^GSPC,,Utilities,Electric Utilities,US,Mega/Large,LargeCap,Y
ticker,ED,ED,^GSPC,,Utilities,Multi-Utilities,US,Mega/Large,LargeCap,Y
ticker,ES,ES,^GSPC,,Utilities,Electric Utilities,US,Mega/Large,LargeCap,Y
ticker,EXC,EXC,^GSPC,,Utilities,Electric Utilities,US,Mega/Large,LargeCap,Y
ticker,NEE,NEE,^GSPC,,Utilities,Multi-Utilities,US,Mega/Large,LargeCap,Y
ticker,SO,SO,^GSPC,,Utilities,Electric Utilities,US,Mega/Large,LargeCap,Y
ticker,SRE,SRE,^GSPC,,Utilities,Multi-Utilities,US,Mega/Large,LargeCap,Y
ticker,WEC,WEC,^GSPC,,Utilities,Electric Utilities,US,Mega/Large,LargeCap,Y
ticker,XEL,XEL,^GSPC,,Utilities,Multi-Utilities,US,Mega/Large,LargeCap,Y
ticker,GD,GD,^GSPC,,Industrials,Aerospace & Defense,US,Mega/Large,LargeCap,Y
ticker,HWM,HWM,^GSPC,,Industrials,Aerospace & Defense,US,Mega/Large,LargeCap,Y
ticker,NOC,NOC,^GSPC,,Industrials,Aerospace & Defense,US,Mega/Large,LargeCap,Y
ticker,TXT,TXT,^GSPC,,Industrials,Aerospace & Defense,US,Mega/Large,LargeCap,Y
ticker,BEI.DE,,^GDAXI,,Information Technology,,Europe,Mega/Large,LargeCap,Y
ticker,INFY,INFY,^GSPC,,Information Technology,,US,Mega/Large,LargeCap,Y
ticker,WIT,WIT,^GSPC,,Information Technology,,US,Mega/Large,LargeCap,Y
ticker,KGF.L,,^FTSE,,Information Technology,,UK,Mega/Large,LargeCap,Y
ticker,ATO.PA,,^FCHI,,,,Europe,Mega/Large,LargeCap,Y
ticker,LOGN.SW,,^SSMI,,Information Technology,,Europe,Mega/Large,LargeCap,Y
ticker,ALV.DE,,^GDAXI,,Financials,,Europe,Mega/Large,LargeCap,Y
ticker,MUV2.DE,,^GDAXI,,Financials,,Europe,Mega/Large,LargeCap,Y
ticker,ANTO.L,,^FTSE,,Financials,,UK,Mega/Large,LargeCap,Y
ticker,AV.L,,^FTSE,,Financials,,UK,Mega/Large,LargeCap,Y
ticker,BNZL.L,,^FTSE,,Financials,,UK,Mega/Large,LargeCap,Y
ticker,CPG.L,,^FTSE,,Financials,,UK,Mega/Large,LargeCap,Y
ticker,CNP,,^GSPC,,Utilities,Multi-Utilities,US,Mid/Small,S&P1000,Y
ticker,CABK.MC,,^IBEX,,Financials,,Europe,Mega/Large,LargeCap,Y
ticker,BPER,,FTSEMIB.MI,,,,US,,,Y
ticker,AEG.AS,,^AEX,,Financials,,Europe,Mega/Large,LargeCap,Y
ticker,ZURN.SW,,^SSMI,,Financials,,Europe,Mega/Large,LargeCap,Y
ticker,CON.DE,,^GDAXI,,Consumer Discretionary,Automobiles and Parts,Europe,Mega/Large,LargeCap,Y
ticker,SCA-B.ST,,^OMX,,,,Europe,,,Y
ticker,BTG.L,,^FTSE,,Health Care,,UK,Mega/Large,LargeCap,Y
ticker,FME.DE,,^GDAXI,,Health Care,Health Care,Europe,Mega/Large,LargeCap,Y
ticker,DBV.PA,,^FCHI,,Health Care,,Europe,Mega/Large,LargeCap,Y
ticker,GN.CO,,^OMXC25,,Health Care,,Europe,Mega/Large,LargeCap,Y
ticker,ALC.SW,,^SSMI,,Health Care,,Europe,Mega/Large,LargeCap,Y
ticker,GIVN.SW,,^SSMI,,Health Care,,Europe,Mega/Large,LargeCap,Y
ticker,ABF.L,,^FTSE,,Consumer Staples,"Food, Beverage and Tobacco",UK,Mega/Large,LargeCap,Y
ticker,BRBY.L,,^FTSE,,Consumer Discretionary,Consumer Products and Services,UK,Mega/Large,LargeCap,Y
ticker,JD.L,,^FTSE,,Consumer Discretionary,Retail,UK,Mega/Large,LargeCap,Y
ticker,RCO.PA,,^FCHI,,Consumer Staples,"Food, Beverage and Tobacco",Europe,Mega/Large,LargeCap,Y
ticker,HEN3.DE,,^GDAXI,,Consumer Discretionary,Consumer Products and Services,Europe,Mega/Large,LargeCap,Y
ticker,RWE.DE,RWED,^GDAXI,,Industrials,,Europe,Mega/Large,LargeCap,Y
ticker,IMI.L,,^FTSE,,Industrials,,UK,Mega/Large,LargeCap,Y
ticker,SU.PA,,^FCHI,,Industrials,Industrial Goods and Services,Europe,Mega/Large,LargeCap,Y
ticker,ALFA.ST,,^OMX,,Industrials,,Europe,,,Y
ticker,BABA,BABA,^GSPC,,,,US,All,curated,Y
ticker,BIDU,BIDU,^GSPC,,,,US,All,curated,Y
ticker,JD,JD,^GSPC,,Consumer Discretionary,Retail,US,All,curated,Y
ticker,NIO,NIO,^GSPC,,,,US,All,curated,Y
ticker,PDD,PDD,^GSPC,,,,US,All,curated,Y
ticker,TME,TME,^GSPC,,,,US,All,curated,Y
ticker,TSM,TSM,^GSPC,,,,US,All,curated,Y
ticker,XPEV,XPEV,^GSPC,,,,US,All,curated,Y
ticker,CM,CM,^GSPC,,Financials,Banks,US,All,curated,Y
ticker,CNR.TO,,^GSPTSE,,Industrials,Transportation,Canada,All,curated,Y
ticker,CP.TO,,^GSPTSE,,Industrials,Transportation,Canada,All,curated,Y
ticker,ENB,ENB,^GSPC,,Energy,Oil & Gas Storage/Transport,US,All,curated,Y
ticker,SU,SU,^GSPC,,Industrials,Industrial Goods and Services,US,All,curated,Y
ticker,TRP,TRP,^GSPC,,Energy,Oil & Gas Storage/Transport,US,All,curated,Y
ticker,WCN,WCN,^GSPC,,Industrials,Waste Management,US,All,curated,Y
ticker,BHP,BHP,^GSPC,,,,US,All,curated,Y
ticker,RIO,RIO,^GSPC,,Materials,Basic Resources,US,All,curated,Y
ticker,WES,WES,^GSPC,,,,US,All,curated,Y
ticker,ABNB,ABNB,^GSPC,,Consumer Discretionary,"Hotels, Resorts & Cruise Lines",US,Mega/Large,LargeCap,Y
ticker,AFRM,AFRM,^GSPC,,,,US,Mega/Large,LargeCap,Y
ticker,HOOD,HOOD,^GSPC,,Financials,Investment Banking & Brokerage,US,Mega/Large,LargeCap,Y
ticker,RBLX,RBLX,^GSPC,,,,US,Mega/Large,LargeCap,Y
ticker,SOFI,SOFI,^GSPC,,,,US,Mega/Large,LargeCap,Y
ticker,UPST,UPST,^GSPC,,,,US,Mega/Large,LargeCap,Y
ticker,AFL,AFL,^GSPC,,Financials,Life & Health Insurance,US,Large,Dividend,Y
ticker,ATO,ATO,^GSPC,,Utilities,Gas Utilities,US,Large,Dividend,Y
ticker,BRO,BRO,^GSPC,,Financials,Insurance Brokers,US,Large,Dividend,Y
ticker,CBSH,CBSH,^GSPC,,Financials,Regional Banks,US,Large,Dividend,Y
ticker,CBU,CBU,^GSPC,,Financials,Regional Banks,US,Large,Dividend,Y
ticker,CHD,CHD,^GSPC,,Consumer Staples,Household Products,US,Large,Dividend,Y
ticker,CTAS,CTAS,^GSPC,,Industrials,Diversified Support Services,US,Large,Dividend,Y
ticker,ESS,ESS,^GSPC,,Real Estate,Multi-Family Residential REITs,US,Large,Dividend,Y
ticker,EXPD,EXPD,^GSPC,,Industrials,Air Freight & Logistics,US,Large,Dividend,Y
ticker,FRT,FRT,^GSPC,,Real Estate,Retail REITs,US,Large,Dividend,Y
ticker,GPC,GPC,^GSPC,,Consumer Discretionary,Distributors,US,Large,Dividend,Y
ticker,LEG,LEG,^GSPC,,Consumer Discretionary,Home Furnishings,US,Large,Dividend,Y
ticker,MKC,MKC,^GSPC,,Consumer Staples,Packaged Foods & Meats,US,Large,Dividend,Y
ticker,NUE,NUE,^GSPC,,Materials,Steel,US,Large,Dividend,Y
ticker,NWL,NWL,^GSPC,,Consumer Discretionary,Housewares & Specialties,US,Large,Dividend,Y
ticker,O,O,^GSPC,,Real Estate,Retail REITs,US,Large,Dividend,Y
ticker,ROP,ROP,^GSPC,,Information Technology,Electronic Equipment & Instruments,US,Large,Dividend,Y
ticker,SON,SON,^GSPC,,Materials,Paper & Plastic Packaging Products & Materials,US,Large,Dividend,Y
ticker,VFC,VFC,^GSPC,,Consumer Discretionary,"Apparel, Accessories & Luxury Goods",US,Large,Dividend,Y
ticker,WST,WST,^GSPC,,Health Care,Health Care Supplies,US,Large,Dividend,Y
ticker,XLE,XLE,^GSPC,,,,US,ETF,ETF,Y
ticker,XLF,XLF,^GSPC,,,,US,ETF,ETF,Y
ticker,XLI,XLI,^GSPC,,,,US,ETF,ETF,Y
ticker,XLV,XLV,^GSPC,,,,US,ETF,ETF,Y
ticker,XLK,XLK,^GSPC,,,,US,ETF,ETF,Y
ticker,XLP,XLP,^GSPC,,,,US,ETF,ETF,Y
ticker,XLY,XLY,^GSPC,,,,US,ETF,ETF,Y
ticker,XLB,XLB,^GSPC,,,,US,ETF,ETF,Y
ticker,XLRE,XLRE,^GSPC,,,,US,ETF,ETF,Y
ticker,XLU,XLU,^GSPC,,,,US,ETF,ETF,Y
ticker,XLC,XLC,^GSPC,,,,US,ETF,ETF,Y
ticker,SONY,SONY,^GSPC,,,,US,All,curated,Y
ticker,TM,TM,^GSPC,,,,US,All,curated,Y
ticker,HMC,HMC,^GSPC,,,,US,All,curated,Y
ticker,MUFG,MUFG,^GSPC,,,,US,All,curated,Y
ticker,SMFG,SMFG,^GSPC,,,,US,All,curated,Y
ticker,LPL,LPL,^GSPC,,,,US,All,curated,Y
ticker,UMC,UMC,^GSPC,,,,US,All,curated,Y
ticker,SSE.L,,^FTSE,,Utilities,,UK,Mega/Large,LargeCap,Y
ticker,CNQ,CNQ,^GSPC,,Energy,Oil & Gas Exploration and Production,US,All,curated,Y
ticker,BRK-B,BRK-B,^GSPC,,Financials,Multi-Sector Holdings,US,Mega/Large,LargeCap,Y
ticker,BRK-A,BRK-A,^GSPC,,,,US,Mega/Large,LargeCap,Y
ticker,A,A,^GSPC,,Health Care,Life Sciences Tools & Services,US,Mid/Small,S&P1000,Y
ticker,AA,AA,^GSPC,,Materials,Aluminum,US,Mid/Small,S&P1000,Y
ticker,AAL,AAL,^GSPC,,Industrials,Passenger Airlines,US,Mid/Small,S&P1000,Y
ticker,AAON,AAON,^GSPC,,Industrials,Building Products,US,Mid/Small,S&P1000,Y
ticker,ACGL,ACGL,^GSPC,,Financials,Property & Casualty Insurance,US,Mid/Small,S&P1000,Y
ticker,ACI,ACI,^GSPC,,Consumer Staples,Food Retail,US,Mid/Small,S&P1000,Y
ticker,ACM,ACM,^GSPC,,Industrials,Construction & Engineering,US,Mid/Small,S&P1000,Y
ticker,ACN,ACN,^GSPC,,Information Technology,IT Consulting & Other Services,US,Mid/Small,S&P1000,Y
ticker,ADC,ADC,^GSPC,,Real Estate,Retail REITs,US,Mid/Small,S&P1000,Y
ticker,ADI,ADI,^GSPC,,Information Technology,Semiconductors,US,Mid/Small,S&P1000,Y
ticker,ADM,ADM,^GSPC,,Consumer Staples,Agricultural Products & Services,US,Mid/Small,S&P1000,Y
ticker,ADP,ADP,^GSPC,,Industrials,Human Resource & Employment Services,US,Mid/Small,S&P1000,Y
ticker,AEE,AEE,^GSPC,,Utilities,Multi-Utilities,US,Mid/Small,S&P1000,Y
ticker,AES,AES,^GSPC,,Utilities,Independent Power Producers & Energy Traders,US,Mid/Small,S&P1000,Y
ticker,AFG,AFG,^GSPC,,Financials,Multi-line Insurance,US,Mid/Small,S&P1000,Y
ticker,AGCO,AGCO,^GSPC,,Industrials,Agricultural & Farm Machinery,US,Mid/Small,S&P1000,Y
ticker,AIG,AIG,^GSPC,,Financials,Multi-line Insurance,US,Mid/Small,S&P1000,Y
ticker,AIT,AIT,^GSPC,,Industrials,Trading Companies & Distributors,US,Mid/Small,S&P1000,Y
ticker,AIZ,AIZ,^GSPC,,Financials,Multi-line Insurance,US,Mid/Small,S&P1000,Y
ticker,AJG,AJG,^GSPC,,Financials,Insurance Brokers,US,Mid/Small,S&P1000,Y
ticker,AKAM,AKAM,^GSPC,,Information Technology,Internet Services & Infrastructure,US,Mid/Small,S&P1000,Y
ticker,ALB,ALB,^GSPC,,Materials,Specialty Chemicals,US,Mid/Small,S&P1000,Y
ticker,ALGM,ALGM,^GSPC,,Information Technology,Semiconductors,US,Mid/Small,S&P1000,Y
ticker,ALK,ALK,^GSPC,,Industrials,Passenger Airlines,US,Mid/Small,S&P1000,Y
ticker,ALL,ALL,^GSPC,,Financials,Property & Casualty Insurance,US,Mid/Small,S&P1000,Y
ticker,ALLE,ALLE,^GSPC,,Industrials,Building Products,US,Mid/Small,S&P1000,Y
ticker,ALV,ALV,^GSPC,,Consumer Discretionary,Automotive Parts & Equipment,US,Mid/Small,S&P1000,Y
ticker,AM,AM,^GSPC,,Energy,Oil & Gas Storage & Transportation,US,Mid/Small,S&P1000,Y
ticker,AMCR,AMCR,^GSPC,,Materials,Paper & Plastic Packaging Products & Materials,US,Mid/Small,S&P1000,Y
ticker,AME,AME,^GSPC,,Industrials,Electrical Components & Equipment,US,Mid/Small,S&P1000,Y
ticker,AMG,AMG,^GSPC,,Financials,Asset Management & Custody Banks,US,Mid/Small,S&P1000,Y
ticker,AMH,AMH,^GSPC,,Real Estate,Single-Family Residential REITs,US,Mid/Small,S&P1000,Y
ticker,AMKR,AMKR,^GSPC,,Information Technology,Semiconductors,US,Mid/Small,S&P1000,Y
ticker,AMP,AMP,^GSPC,,Financials,Asset Management & Custody Banks,US,Mid/Small,S&P1000,Y
ticker,AN,AN,^GSPC,,Consumer Discretionary,Automotive Retail,US,Mid/Small,S&P1000,Y
ticker,ANF,ANF,^GSPC,,Consumer Discretionary,Apparel Retail,US,Mid/Small,S&P1000,Y
ticker,AON,AON,^GSPC,,Financials,Insurance Brokers,US,Mid/Small,S&P1000,Y
ticker,APA,APA,^GSPC,,Energy,Oil & Gas Exploration & Production,US,Mid/Small,S&P1000,Y
ticker,APG,APG,^GSPC,,Industrials,Construction & Engineering,US,Mid/Small,S&P1000,Y
ticker,APH,APH,^GSPC,,Information Technology,Electronic Components,US,Mid/Small,S&P1000,Y
ticker,APO,APO,^GSPC,,Financials,Asset Management & Custody Banks,US,Mid/Small,S&P1000,Y
ticker,APPF,APPF,^GSPC,,Information Technology,Application Software,US,Mid/Small,S&P1000,Y
ticker,APTV,APTV,^GSPC,,Consumer Discretionary,Automotive Parts & Equipment,US,Mid/Small,S&P1000,Y
ticker,AR,AR,^GSPC,,Energy,Oil & Gas Exploration & Production,US,Mid/Small,S&P1000,Y
ticker,ARE,ARE,^GSPC,,Real Estate,Office REITs,US,Mid/Small,S&P1000,Y
ticker,ARES,ARES,^GSPC,,Financials,Asset Management & Custody Banks,US,Mid/Small,S&P1000,Y
ticker,ARMK,ARMK,^GSPC,,Consumer Discretionary,Distributors,US,Mid/Small,S&P1000,Y
ticker,ARW,ARW,^GSPC,,Information Technology,Technology Distributors,US,Mid/Small,S&P1000,Y
ticker,ASB,ASB,^GSPC,,Financials,Regional Banks,US,Mid/Small,S&P1000,Y
ticker,ASGN,ASGN,^GSPC,,,,US,Mid/Small,S&P1000,Y
ticker,ASH,ASH,^GSPC,,Materials,Diversified Chemicals,US,Mid/Small,S&P1000,Y
ticker,ATI,ATI,^GSPC,,Industrials,Aerospace & Defense,US,Mid/Small,S&P1000,Y
ticker,ATR,ATR,^GSPC,,Materials,"Metal, Glass & Plastic Containers",US,Mid/Small,S&P1000,Y
ticker,AVAV,AVAV,^GSPC,,Industrials,Aerospace & Defense,US,Mid/Small,S&P1000,Y
ticker,AVNT,AVNT,^GSPC,,Materials,Specialty Chemicals,US,Mid/Small,S&P1000,Y
ticker,AVT,AVT,^GSPC,,Information Technology,Technology Distributors,US,Mid/Small,S&P1000,Y
ticker,AVTR,AVTR,^GSPC,,Health Care,Life Sciences Tools & Services,US,Mid/Small,S&P1000,Y
ticker,AVY,AVY,^GSPC,,Materials,Paper & Plastic Packaging Products & Materials,US,Mid/Small,S&P1000,Y
ticker,AXON,AXON,^GSPC,,Industrials,Aerospace & Defense,US,Mid/Small,S&P1000,Y
ticker,AXTA,AXTA,^GSPC,,Materials,Specialty Chemicals,US,Mid/Small,S&P1000,Y
ticker,AYI,AYI,^GSPC,,Industrials,Electrical Components & Equipment,US,Mid/Small,S&P1000,Y
ticker,AZO,AZO,^GSPC,,Consumer Discretionary,Automotive Retail,US,Mid/Small,S&P1000,Y
ticker,BAH,BAH,^GSPC,,Industrials,Research & Consulting Services,US,Mid/Small,S&P1000,Y
ticker,BALL,BALL,^GSPC,,Materials,"Metal, Glass & Plastic Containers",US,Mid/Small,S&P1000,Y
ticker,BBWI,BBWI,^GSPC,,Consumer Discretionary,Other Specialty Retail,US,Mid/Small,S&P1000,Y
ticker,BC,BC,^GSPC,,Consumer Discretionary,Leisure Products,US,Mid/Small,S&P1000,Y
ticker,BCO,BCO,^GSPC,,Industrials,Security & Alarm Services,US,Mid/Small,S&P1000,Y
ticker,BDC,BDC,^GSPC,,Information Technology,Electronic Components,US,Mid/Small,S&P1000,Y
ticker,BF-B,BF-B,^GSPC,,Consumer Staples,Distillers & Vintners,US,Mid/Small,S&P1000,Y
ticker,BG,BG,^GSPC,,Consumer Staples,Agricultural Products & Services,US,Mid/Small,S&P1000,Y
ticker,BHF,BHF,^GSPC,,Financials,Life & Health Insurance,US,Mid/Small,S&P1000,Y
ticker,BILL,BILL,^GSPC,,Information Technology,Application Software,US,Mid/Small,S&P1000,Y
ticker,BIO,BIO,^GSPC,,Health Care,Life Sciences Tools & Services,US,Mid/Small,S&P1000,Y
ticker,BJ,BJ,^GSPC,,Consumer Staples,Consumer Staples Merchandise Retail,US,Mid/Small,S&P1000,Y
ticker,BKH,BKH,^GSPC,,Utilities,Multi-Utilities,US,Mid/Small,S&P1000,Y
ticker,BKR,BKR,^GSPC,,Energy,Oil & Gas Equipment & Services,US,Mid/Small,S&P1000,Y
ticker,BLD,BLD,^GSPC,,Consumer Discretionary,Homebuilding,US,Mid/Small,S&P1000,Y
ticker,BLDR,BLDR,^GSPC,,Industrials,Building Products,US,Mid/Small,S&P1000,Y
ticker,BLKB,BLKB,^GSPC,,Information Technology,Application Software,US,Mid/Small,S&P1000,Y
ticker,BR,BR,^GSPC,,Industrials,Data Processing & Outsourced Services,US,Mid/Small,S&P1000,Y
ticker,BRBR,BRBR,^GSPC,,Consumer Staples,Packaged Foods & Meats,US,Mid/Small,S&P1000,Y
ticker,BRKR,BRKR,^GSPC,,Health Care,Health Care Equipment,US,Mid/Small,S&P1000,Y
ticker,BRX,BRX,^GSPC,,Real Estate,Retail REITs,US,Mid/Small,S&P1000,Y
ticker,BSY,BSY,^GSPC,,Information Technology,Application Software,US,Mid/Small,S&P1000,Y
ticker,BURL,BURL,^GSPC,,Consumer Discretionary,Apparel Retail,US,Mid/Small,S&P1000,Y
ticker,BWA,BWA,^GSPC,,Consumer Discretionary,Automotive Parts & Equipment,US,Mid/Small,S&P1000,Y
ticker,BWXT,BWXT,^GSPC,,Industrials,Aerospace & Defense,US,Mid/Small,S&P1000,Y
ticker,BX,BX,^GSPC,,Financials,Asset Management & Custody Banks,US,Mid/Small,S&P1000,Y
ticker,BYD,BYD,^GSPC,,Consumer Discretionary,Casinos & Gaming,US,Mid/Small,S&P1000,Y
ticker,CACI,CACI,^GSPC,,Industrials,Diversified Support Services,US,Mid/Small,S&P1000,Y
ticker,CADE,CADE,^GSPC,,,,US,Mid/Small,S&P1000,Y
ticker,CAG,CAG,^GSPC,,Consumer Staples,Packaged Foods & Meats,US,Mid/Small,S&P1000,Y
ticker,CAH,CAH,^GSPC,,Health Care,Health Care Distributors,US,Mid/Small,S&P1000,Y
ticker,CAR,CAR,^GSPC,,Industrials,Passenger Ground Transportation,US,Mid/Small,S&P1000,Y
ticker,CARR,CARR,^GSPC,,Industrials,Building Products,US,Mid/Small,S&P1000,Y
ticker,CART,CART,^GSPC,,Consumer Staples,Food Retail,US,Mid/Small,S&P1000,Y
ticker,CASY,CASY,^GSPC,,Consumer Staples,Food Retail,US,Mid/Small,S&P1000,Y
ticker,CAVA,CAVA,^GSPC,,Consumer Discretionary,Restaurants,US,Mid/Small,S&P1000,Y
ticker,CB,CB,^GSPC,,Financials,Property & Casualty Insurance,US,Mid/Small,S&P1000,Y
ticker,CBT,CBT,^GSPC,,Materials,Diversified Chemicals,US,Mid/Small,S&P1000,Y
ticker,CCI,CCI,^GSPC,,Real Estate,Telecom Tower REITs,US,Mid/Small,S&P1000,Y
ticker,CCK,CCK,^GSPC,,Materials,Paper & Plastic Packaging Products & Materials,US,Mid/Small,S&P1000,Y
ticker,CCL,CCL,^GSPC,,Consumer Discretionary,"Hotels, Resorts & Cruise Lines",US,Mid/Small,S&P1000,Y
ticker,CDP,CDP,^GSPC,,Real Estate,Office REITs,US,Mid/Small,S&P1000,Y
ticker,CDW,CDW,^GSPC,,Information Technology,Technology Distributors,US,Mid/Small,S&P1000,Y
ticker,CEG,CEG,^GSPC,,Utilities,Electric Utilities,US,Mid/Small,S&P1000,Y
ticker,CELH,CELH,^GSPC,,Consumer Staples,Soft Drinks & Non-alcoholic Beverages,US,Mid/Small,S&P1000,Y
ticker,CFR,CFR,^GSPC,,Financials,Regional Banks,US,Mid/Small,S&P1000,Y
ticker,CG,CG,^GSPC,,Financials,Asset Management & Custody Banks,US,Mid/Small,S&P1000,Y
ticker,CGNX,CGNX,^GSPC,,Information Technology,Electronic Equipment & Instruments,US,Mid/Small,S&P1000,Y
ticker,CHDN,CHDN,^GSPC,,Consumer Discretionary,Casinos & Gaming,US,Mid/Small,S&P1000,Y
ticker,CHE,CHE,^GSPC,,Health Care,Health Care Services,US,Mid/Small,S&P1000,Y
ticker,CHH,CHH,^GSPC,,Consumer Discretionary,"Hotels, Resorts & Cruise Lines",US,Mid/Small,S&P1000,Y
ticker,CHRD,CHRD,^GSPC,,Energy,Oil & Gas Exploration & Production,US,Mid/Small,S&P1000,Y
ticker,CHTR,CHTR,^GSPC,,Communication Services,Cable & Satellite,US,Mid/Small,S&P1000,Y
ticker,CHWY,CHWY,^GSPC,,Consumer Discretionary,Other Specialty Retail,US,Mid/Small,S&P1000,Y
ticker,CIEN,CIEN,^GSPC,,Information Technology,Communications Equipment,US,Mid/Small,S&P1000,Y
ticker,CINF,CINF,^GSPC,,Financials,Property & Casualty Insurance,US,Mid/Small,S&P1000,Y
ticker,CIVI,CIVI,^GSPC,,,,US,Mid/Small,S&P1000,Y
ticker,CLF,CLF,^GSPC,,Materials,Steel,US,Mid/Small,S&P1000,Y
ticker,CLH,CLH,^GSPC,,Industrials,Environmental & Facilities Services,US,Mid/Small,S&P1000,Y
ticker,CMA,CMA,^GSPC,,,,US,Mid/Small,S&P1000,Y
ticker,CMC,CMC,^GSPC,,Materials,Steel,US,Mid/Small,S&P1000,Y
ticker,CMS,CMS,^GSPC,,Utilities,Multi-Utilities,US,Mid/Small,S&P1000,Y
ticker,CNH,CNH,^GSPC,,Industrials,Agricultural & Farm Machinery,US,Mid/Small,S&P1000,Y
ticker,CNM,CNM,^GSPC,,Industrials,Trading Companies & Distributors,US,Mid/Small,S&P1000,Y
ticker,CNO,CNO,^GSPC,,Financials,Life & Health Insurance,US,Mid/Small,S&P1000,Y
ticker,CNP,CNP,^GSPC,,Utilities,Multi-Utilities,US,Mid/Small,S&P1000,Y
ticker,CNX,CNX,^GSPC,,Energy,Oil & Gas Exploration & Production,US,Mid/Small,S&P1000,Y
ticker,CNXC,CNXC,^GSPC,,Industrials,Data Processing & Outsourced Services,US,Mid/Small,S&P1000,Y
ticker,COHR,COHR,^GSPC,,Information Technology,Electronic Components,US,Mid/Small,S&P1000,Y
ticker,COKE,COKE,^GSPC,,Consumer Staples,Soft Drinks & Non-alcoholic Beverages,US,Mid/Small,S&P1000,Y
ticker,COLB,COLB,^GSPC,,Financials,Regional Banks,US,Mid/Small,S&P1000,Y
ticker,COLM,COLM,^GSPC,,Consumer Discretionary,"Apparel, Accessories & Luxury Goods",US,Mid/Small,S&P1000,Y
ticker,COO,COO,^GSPC,,Health Care,Health Care Supplies,US,Mid/Small,S&P1000,Y
ticker,COR,COR,^GSPC,,Health Care,Health Care Distributors,US,Mid/Small,S&P1000,Y
ticker,COTY,COTY,^GSPC,,Consumer Staples,Personal Care Products,US,Mid/Small,S&P1000,Y
ticker,CPAY,CPAY,^GSPC,,Financials,Transaction & Payment Processing Services,US,Mid/Small,S&P1000,Y
ticker,CPB,CPB,^GSPC,,Consumer Staples,Packaged Foods & Meats,US,Mid/Small,S&P1000,Y
ticker,CPRI,CPRI,^GSPC,,Consumer Discretionary,"Apparel, Accessories & Luxury Goods",US,Mid/Small,S&P1000,Y
ticker,CPRT,CPRT,^GSPC,,Industrials,Diversified Support Services,US,Mid/Small,S&P1000,Y
ticker,CPT,CPT,^GSPC,,Real Estate,Multi-Family Residential REITs,US,Mid/Small,S&P1000,Y
ticker,CR,CR,^GSPC,,Industrials,Industrial Machinery & Supplies & Components,US,Mid/Small,S&P1000,Y
ticker,CRBG,CRBG,^GSPC,,Financials,Asset Management & Custody Banks,US,Mid/Small,S&P1000,Y
ticker,CRH,CRH,^GSPC,,Materials,Construction Materials,US,Mid/Small,S&P1000,Y
ticker,CRL,CRL,^GSPC,,Health Care,Life Sciences Tools & Services,US,Mid/Small,S&P1000,Y
ticker,CROX,CROX,^GSPC,,Consumer Discretionary,Footwear,US,Mid/Small,S&P1000,Y
ticker,CRS,CRS,^GSPC,,Industrials,Industrial Machinery & Supplies & Components,US,Mid/Small,S&P1000,Y
ticker,CRUS,CRUS,^GSPC,,Information Technology,Semiconductors,US,Mid/Small,S&P1000,Y
ticker,CSGP,CSGP,^GSPC,,Real Estate,Real Estate Services,US,Mid/Small,S&P1000,Y
ticker,CSL,CSL,^GSPC,,Industrials,Industrial Conglomerates,US,Mid/Small,S&P1000,Y
ticker,CTRA,CTRA,^GSPC,,,,US,Mid/Small,S&P1000,Y
ticker,CTVA,CTVA,^GSPC,,Materials,Fertilizers & Agricultural Chemicals,US,Mid/Small,S&P1000,Y
ticker,CUBE,CUBE,^GSPC,,Real Estate,Industrial REITs,US,Mid/Small,S&P1000,Y
ticker,CUZ,CUZ,^GSPC,,Real Estate,Office REITs,US,Mid/Small,S&P1000,Y
ticker,CVLT,CVLT,^GSPC,,Information Technology,Systems Software,US,Mid/Small,S&P1000,Y
ticker,CVNA,CVNA,^GSPC,,Consumer Discretionary,Automotive Retail,US,Mid/Small,S&P1000,Y
ticker,CW,CW,^GSPC,,Industrials,Aerospace & Defense,US,Mid/Small,S&P1000,Y
ticker,CXT,CXT,^GSPC,,Information Technology,Electronic Equipment & Instruments,US,Mid/Small,S&P1000,Y
ticker,CYTK,CYTK,^GSPC,,Health Care,Biotechnology,US,Mid/Small,S&P1000,Y
ticker,D,D,^GSPC,,Utilities,Multi-Utilities,US,Mid/Small,S&P1000,Y
ticker,DAL,DAL,^GSPC,,Industrials,Passenger Airlines,US,Mid/Small,S&P1000,Y
ticker,DAR,DAR,^GSPC,,Consumer Staples,Agricultural Products & Services,US,Mid/Small,S&P1000,Y
ticker,DASH,DASH,^GSPC,,Consumer Discretionary,Specialized Consumer Services,US,Mid/Small,S&P1000,Y
ticker,DAY,DAY,^GSPC,,,,US,Mid/Small,S&P1000,Y
ticker,DBX,DBX,^GSPC,,Information Technology,Application Software,US,Mid/Small,S&P1000,Y
ticker,DCI,DCI,^GSPC,,Industrials,Industrial Machinery & Supplies & Components,US,Mid/Small,S&P1000,Y
ticker,DECK,DECK,^GSPC,,Consumer Discretionary,Footwear,US,Mid/Small,S&P1000,Y
ticker,DG,DG,^GSPC,,Consumer Staples,Consumer Staples Merchandise Retail,US,Mid/Small,S&P1000,Y
ticker,DGX,DGX,^GSPC,,Health Care,Health Care Services,US,Mid/Small,S&P1000,Y
ticker,DINO,DINO,^GSPC,,Energy,Oil & Gas Refining & Marketing,US,Mid/Small,S&P1000,Y
ticker,DLB,DLB,^GSPC,,Information Technology,Application Software,US,Mid/Small,S&P1000,Y
ticker,DLR,DLR,^GSPC,,Real Estate,Data Center REITs,US,Mid/Small,S&P1000,Y
ticker,DLTR,DLTR,^GSPC,,Consumer Staples,Consumer Staples Merchandise Retail,US,Mid/Small,S&P1000,Y
ticker,DOC,DOC,^GSPC,,Real Estate,Health Care REITs,US,Mid/Small,S&P1000,Y
ticker,DOCS,DOCS,^GSPC,,Health Care,Health Care Technology,US,Mid/Small,S&P1000,Y
ticker,DOW,DOW,^GSPC,,Materials,Commodity Chemicals,US,Mid/Small,S&P1000,Y
ticker,DPZ,DPZ,^GSPC,,Consumer Discretionary,Restaurants,US,Mid/Small,S&P1000,Y
ticker,DT,DT,^GSPC,,Information Technology,Application Software,US,Mid/Small,S&P1000,Y
ticker,DTE,DTE,^GSPC,,Utilities,Multi-Utilities,US,Mid/Small,S&P1000,Y
ticker,DTM,DTM,^GSPC,,Energy,Oil & Gas Storage & Transportation,US,Mid/Small,S&P1000,Y
ticker,DUOL,DUOL,^GSPC,,Consumer Discretionary,Education Services,US,Mid/Small,S&P1000,Y
ticker,DVA,DVA,^GSPC,,Health Care,Health Care Services,US,Mid/Small,S&P1000,Y
ticker,DXCM,DXCM,^GSPC,,Health Care,Health Care Equipment,US,Mid/Small,S&P1000,Y
ticker,DY,DY,^GSPC,,Industrials,Construction & Engineering,US,Mid/Small,S&P1000,Y
ticker,EA,EA,^GSPC,,Communication Services,Interactive Home Entertainment,US,Mid/Small,S&P1000,Y
ticker,EEFT,EEFT,^GSPC,,Financials,Transaction & Payment Processing Services,US,Mid/Small,S&P1000,Y
ticker,EFX,EFX,^GSPC,,Industrials,Research & Consulting Services,US,Mid/Small,S&P1000,Y
ticker,EG,EG,^GSPC,,Financials,Reinsurance,US,Mid/Small,S&P1000,Y
ticker,EGP,EGP,^GSPC,,Real Estate,Industrial REITs,US,Mid/Small,S&P1000,Y
ticker,EHC,EHC,^GSPC,,Health Care,Health Care Facilities,US,Mid/Small,S&P1000,Y
ticker,EIX,EIX,^GSPC,,Utilities,Electric Utilities,US,Mid/Small,S&P1000,Y
ticker,ELAN,ELAN,^GSPC,,Health Care,Pharmaceuticals,US,Mid/Small,S&P1000,Y
ticker,ELF,ELF,^GSPC,,Consumer Staples,Personal Care Products,US,Mid/Small,S&P1000,Y
ticker,ELS,ELS,^GSPC,,Real Estate,Single-Family Residential REITs,US,Mid/Small,S&P1000,Y
ticker,ELV,ELV,^GSPC,,Health Care,Managed Health Care,US,Mid/Small,S&P1000,Y
ticker,EME,EME,^GSPC,,Industrials,Construction & Engineering,US,Mid/Small,S&P1000,Y
ticker,ENS,ENS,^GSPC,,Industrials,Electrical Components & Equipment,US,Mid/Small,S&P1000,Y
ticker,ENSG,ENSG,^GSPC,,Health Care,Health Care Facilities,US,Mid/Small,S&P1000,Y
ticker,ENTG,ENTG,^GSPC,,Information Technology,Semiconductor Materials & Equipment,US,Mid/Small,S&P1000,Y
ticker,EPAM,EPAM,^GSPC,,Information Technology,IT Consulting & Other Services,US,Mid/Small,S&P1000,Y
ticker,EPR,EPR,^GSPC,,Real Estate,Other Specialized REITs,US,Mid/Small,S&P1000,Y
ticker,EQH,EQH,^GSPC,,Financials,Diversified Financial Services,US,Mid/Small,S&P1000,Y
ticker,EQR,EQR,^GSPC,,Real Estate,Multi-Family Residential REITs,US,Mid/Small,S&P1000,Y
ticker,EQT,EQT,^GSPC,,Energy,Oil & Gas Exploration & Production,US,Mid/Small,S&P1000,Y
ticker,ERIE,ERIE,^GSPC,,Financials,Insurance Brokers,US,Mid/Small,S&P1000,Y
ticker,ESAB,ESAB,^GSPC,,Industrials,Industrial Machinery & Supplies & Components,US,Mid/Small,S&P1000,Y
ticker,ESNT,ESNT,^GSPC,,Financials,Commercial & Residential Mortgage Finance,US,Mid/Small,S&P1000,Y
ticker,ETR,ETR,^GSPC,,Utilities,Electric Utilities,US,Mid/Small,S&P1000,Y
ticker,EVR,EVR,^GSPC,,Financials,Investment Banking & Brokerage,US,Mid/Small,S&P1000,Y
ticker,EVRG,EVRG,^GSPC,,Utilities,Electric Utilities,US,Mid/Small,S&P1000,Y
ticker,EWBC,EWBC,^GSPC,,Financials,Regional Banks,US,Mid/Small,S&P1000,Y
ticker,EXE,EXE,^GSPC,,Energy,Oil & Gas Exploration & Production,US,Mid/Small,S&P1000,Y
ticker,EXEL,EXEL,^GSPC,,Health Care,Biotechnology,US,Mid/Small,S&P1000,Y
ticker,EXLS,EXLS,^GSPC,,Industrials,Data Processing & Outsourced Services,US,Mid/Small,S&P1000,Y
ticker,EXP,EXP,^GSPC,,Materials,Construction Materials,US,Mid/Small,S&P1000,Y
ticker,EXPE,EXPE,^GSPC,,Consumer Discretionary,"Hotels, Resorts & Cruise Lines",US,Mid/Small,S&P1000,Y
ticker,EXPO,EXPO,^GSPC,,Industrials,Research & Consulting Services,US,Mid/Small,S&P1000,Y
ticker,EXR,EXR,^GSPC,,Real Estate,Self-Storage REITs,US,Mid/Small,S&P1000,Y
ticker,F,F,^GSPC,,Consumer Discretionary,Automobile Manufacturers,US,Mid/Small,S&P1000,Y
ticker,FAF,FAF,^GSPC,,Financials,Property & Casualty Insurance,US,Mid/Small,S&P1000,Y
ticker,FBIN,FBIN,^GSPC,,Industrials,Building Products,US,Mid/Small,S&P1000,Y
ticker,FCFS,FCFS,^GSPC,,Financials,Consumer Finance,US,Mid/Small,S&P1000,Y
ticker,FCN,FCN,^GSPC,,Industrials,Research & Consulting Services,US,Mid/Small,S&P1000,Y
ticker,FDX,FDX,^GSPC,,Industrials,Air Freight & Logistics,US,Mid/Small,S&P1000,Y
ticker,FE,FE,^GSPC,,Utilities,Electric Utilities,US,Mid/Small,S&P1000,Y
ticker,FFIN,FFIN,^GSPC,,Financials,Regional Banks,US,Mid/Small,S&P1000,Y
ticker,FFIV,FFIV,^GSPC,,Information Technology,Communications Equipment,US,Mid/Small,S&P1000,Y
ticker,FHI,FHI,^GSPC,,Financials,Asset Management & Custody Banks,US,Mid/Small,S&P1000,Y
ticker,FHN,FHN,^GSPC,,Financials,Regional Banks,US,Mid/Small,S&P1000,Y
ticker,FICO,FICO,^GSPC,,Information Technology,Application Software,US,Mid/Small,S&P1000,Y
ticker,FIVE,FIVE,^GSPC,,Consumer Discretionary,Specialty Stores,US,Mid/Small,S&P1000,Y
ticker,FIX,FIX,^GSPC,,Industrials,Construction & Engineering,US,Mid/Small,S&P1000,Y
ticker,FLEX,FLEX,^GSPC,,Information Technology,Electronic Manufacturing Services,US,Mid/Small,S&P1000,Y
ticker,FLG,FLG,^GSPC,,Financials,Regional Banks,US,Mid/Small,S&P1000,Y
ticker,FLO,FLO,^GSPC,,Consumer Staples,Packaged Foods & Meats,US,Mid/Small,S&P1000,Y
ticker,FLR,FLR,^GSPC,,Industrials,Construction & Engineering,US,Mid/Small,S&P1000,Y
ticker,FLS,FLS,^GSPC,,Industrials,Industrial Machinery & Supplies & Components,US,Mid/Small,S&P1000,Y
ticker,FN,FN,^GSPC,,Information Technology,Electronic Manufacturing Services,US,Mid/Small,S&P1000,Y
ticker,FNB,FNB,^GSPC,,Financials,Regional Banks,US,Mid/Small,S&P1000,Y
ticker,FND,FND,^GSPC,,Consumer Discretionary,Home Improvement Retail,US,Mid/Small,S&P1000,Y
ticker,FNF,FNF,^GSPC,,Financials,Property & Casualty Insurance,US,Mid/Small,S&P1000,Y
ticker,FOUR,FOUR,^GSPC,,Financials,Transaction & Payment Processing Services,US,Mid/Small,S&P1000,Y
ticker,FOX,FOX,^GSPC,,Communication Services,Broadcasting,US,Mid/Small,S&P1000,Y
ticker,FOXA,FOXA,^GSPC,,Communication Services,Broadcasting,US,Mid/Small,S&P1000,Y
ticker,FR,FR,^GSPC,,Real Estate,Industrial REITs,US,Mid/Small,S&P1000,Y
ticker,FSLR,FSLR,^GSPC,,Information Technology,Semiconductors,US,Mid/Small,S&P1000,Y
ticker,FTI,FTI,^GSPC,,Energy,Oil & Gas Equipment & Services,US,Mid/Small,S&P1000,Y
ticker,FTV,FTV,^GSPC,,Industrials,Industrial Machinery & Supplies & Components,US,Mid/Small,S&P1000,Y
ticker,G,G,^GSPC,,Industrials,Data Processing & Outsourced Services,US,Mid/Small,S&P1000,Y
ticker,GAP,GAP,^GSPC,,Consumer Discretionary,Apparel Retail,US,Mid/Small,S&P1000,Y
ticker,GATX,GATX,^GSPC,,Industrials,Construction Machinery & Heavy Transportation Equipment,US,Mid/Small,S&P1000,Y
ticker,GBCI,GBCI,^GSPC,,Financials,Regional Banks,US,Mid/Small,S&P1000,Y
ticker,GDDY,GDDY,^GSPC,,Information Technology,Internet Services & Infrastructure,US,Mid/Small,S&P1000,Y
ticker,GEF,GEF,^GSPC,,Materials,"Metal, Glass & Plastic Containers",US,Mid/Small,S&P1000,Y
ticker,GEHC,GEHC,^GSPC,,Health Care,Health Care Equipment,US,Mid/Small,S&P1000,Y
ticker,GEN,GEN,^GSPC,,Information Technology,Systems Software,US,Mid/Small,S&P1000,Y
ticker,GEV,GEV,^GSPC,,Industrials,Heavy Electrical Equipment,US,Mid/Small,S&P1000,Y
ticker,GGG,GGG,^GSPC,,Industrials,Industrial Machinery & Supplies & Components,US,Mid/Small,S&P1000,Y
ticker,GHC,GHC,^GSPC,,Consumer Discretionary,Education Services,US,Mid/Small,S&P1000,Y
ticker,GL,GL,^GSPC,,Financials,Life & Health Insurance,US,Mid/Small,S&P1000,Y
ticker,GLPI,GLPI,^GSPC,,Real Estate,Other Specialized REITs,US,Mid/Small,S&P1000,Y
ticker,GLW,GLW,^GSPC,,Information Technology,Electronic Components,US,Mid/Small,S&P1000,Y
ticker,GM,GM,^GSPC,,Consumer Discretionary,Automobile Manufacturers,US,Mid/Small,S&P1000,Y
ticker,GME,GME,^GSPC,,Consumer Discretionary,Computer & Electronics Retail,US,Mid/Small,S&P1000,Y
ticker,GMED,GMED,^GSPC,,Health Care,Health Care Equipment,US,Mid/Small,S&P1000,Y
ticker,GNTX,GNTX,^GSPC,,Consumer Discretionary,Automotive Parts & Equipment,US,Mid/Small,S&P1000,Y
ticker,GPK,GPK,^GSPC,,Materials,Paper & Plastic Packaging Products & Materials,US,Mid/Small,S&P1000,Y
ticker,GPN,GPN,^GSPC,,Financials,Transaction & Payment Processing Services,US,Mid/Small,S&P1000,Y
ticker,GRMN,GRMN,^GSPC,,Consumer Discretionary,Consumer Electronics,US,Mid/Small,S&P1000,Y
ticker,GT,GT,^GSPC,,Consumer Discretionary,Tires & Rubber,US,Mid/Small,S&P1000,Y
ticker,GTLS,GTLS,^GSPC,,Industrials,Industrial Machinery & Supplies & Components,US,Mid/Small,S&P1000,Y
ticker,GTM,GTM,^GSPC,,Communication Services,Interactive Media & Services,US,Mid/Small,S&P1000,Y
ticker,GWRE,GWRE,^GSPC,,Information Technology,Application Software,US,Mid/Small,S&P1000,Y
ticker,GWW,GWW,^GSPC,,Industrials,Industrial Machinery & Supplies & Components,US,Mid/Small,S&P1000,Y
ticker,GXO,GXO,^GSPC,,Industrials,Air Freight & Logistics,US,Mid/Small,S&P1000,Y
ticker,H,H,^GSPC,,Consumer Discretionary,"Hotels, Resorts & Cruise Lines",US,Mid/Small,S&P1000,Y
ticker,HAE,HAE,^GSPC,,Health Care,Health Care Supplies,US,Mid/Small,S&P1000,Y
ticker,HAS,HAS,^GSPC,,Consumer Discretionary,Leisure Products,US,Mid/Small,S&P1000,Y
ticker,HGV,HGV,^GSPC,,Consumer Discretionary,"Hotels, Resorts & Cruise Lines",US,Mid/Small,S&P1000,Y
ticker,HIG,HIG,^GSPC,,Financials,Property & Casualty Insurance,US,Mid/Small,S&P1000,Y
ticker,HII,HII,^GSPC,,Industrials,Aerospace & Defense,US,Mid/Small,S&P1000,Y
ticker,HIMS,HIMS,^GSPC,,Health Care,Health Care Services,US,Mid/Small,S&P1000,Y
ticker,HL,HL,^GSPC,,Materials,Silver,US,Mid/Small,S&P1000,Y
ticker,HLI,HLI,^GSPC,,Financials,Investment Banking & Brokerage,US,Mid/Small,S&P1000,Y
ticker,HLNE,HLNE,^GSPC,,Financials,Asset Management & Custody Banks,US,Mid/Small,S&P1000,Y
ticker,HLT,HLT,^GSPC,,Consumer Discretionary,"Hotels, Resorts & Cruise Lines",US,Mid/Small,S&P1000,Y
ticker,HOG,HOG,^GSPC,,Consumer Discretionary,Motorcycle Manufacturers,US,Mid/Small,S&P1000,Y
ticker,HOMB,HOMB,^GSPC,,Financials,Regional Banks,US,Mid/Small,S&P1000,Y
ticker,HQY,HQY,^GSPC,,Health Care,Managed Health Care,US,Mid/Small,S&P1000,Y
ticker,HR,HR,^GSPC,,Real Estate,Health Care REITs,US,Mid/Small,S&P1000,Y
ticker,HRB,HRB,^GSPC,,Consumer Discretionary,Specialized Consumer Services,US,Mid/Small,S&P1000,Y
ticker,HSIC,HSIC,^GSPC,,Health Care,Health Care Distributors,US,Mid/Small,S&P1000,Y
ticker,HST,HST,^GSPC,,Real Estate,Hotel & Resort REITs,US,Mid/Small,S&P1000,Y
ticker,HSY,HSY,^GSPC,,Consumer Staples,Packaged Foods & Meats,US,Mid/Small,S&P1000,Y
ticker,HUBB,HUBB,^GSPC,,Industrials,Industrial Machinery & Supplies & Components,US,Mid/Small,S&P1000,Y
ticker,HWC,HWC,^GSPC,,Financials,Regional Banks,US,Mid/Small,S&P1000,Y
ticker,HXL,HXL,^GSPC,,Industrials,Aerospace & Defense,US,Mid/Small,S&P1000,Y
ticker,IBKR,IBKR,^GSPC,,Financials,Investment Banking & Brokerage,US,Mid/Small,S&P1000,Y
ticker,IBOC,IBOC,^GSPC,,Financials,Regional Banks,US,Mid/Small,S&P1000,Y
ticker,IDA,IDA,^GSPC,,Utilities,Electric Utilities,US,Mid/Small,S&P1000,Y
ticker,IDXX,IDXX,^GSPC,,Health Care,Health Care Equipment,US,Mid/Small,S&P1000,Y
ticker,IEX,IEX,^GSPC,,Industrials,Industrial Machinery & Supplies & Components,US,Mid/Small,S&P1000,Y
ticker,IFF,IFF,^GSPC,,Materials,Specialty Chemicals,US,Mid/Small,S&P1000,Y
ticker,INGR,INGR,^GSPC,,Consumer Staples,Agricultural Products & Services,US,Mid/Small,S&P1000,Y
ticker,INVH,INVH,^GSPC,,Real Estate,Single-Family Residential REITs,US,Mid/Small,S&P1000,Y
ticker,IP,IP,^GSPC,,Materials,Paper & Plastic Packaging Products & Materials,US,Mid/Small,S&P1000,Y
ticker,IPGP,IPGP,^GSPC,,Information Technology,Electronic Manufacturing Services,US,Mid/Small,S&P1000,Y
ticker,IQV,IQV,^GSPC,,Health Care,Life Sciences Tools & Services,US,Mid/Small,S&P1000,Y
ticker,IRM,IRM,^GSPC,,Real Estate,Other Specialized REITs,US,Mid/Small,S&P1000,Y
ticker,IRT,IRT,^GSPC,,Real Estate,Multi-Family Residential REITs,US,Mid/Small,S&P1000,Y
ticker,IT,IT,^GSPC,,Information Technology,IT Consulting & Other Services,US,Mid/Small,S&P1000,Y
ticker,ITT,ITT,^GSPC,,Industrials,Industrial Machinery & Supplies & Components,US,Mid/Small,S&P1000,Y
ticker,J,J,^GSPC,,Industrials,Construction & Engineering,US,Mid/Small,S&P1000,Y
ticker,JAZZ,JAZZ,^GSPC,,Health Care,Pharmaceuticals,US,Mid/Small,S&P1000,Y
ticker,JBHT,JBHT,^GSPC,,Industrials,Cargo Ground Transportation,US,Mid/Small,S&P1000,Y
ticker,JBL,JBL,^GSPC,,Information Technology,Electronic Manufacturing Services,US,Mid/Small,S&P1000,Y
ticker,JEF,JEF,^GSPC,,Financials,Multi-Sector Holdings,US,Mid/Small,S&P1000,Y
ticker,JHG,JHG,^GSPC,,Financials,Asset Management & Custody Banks,US,Mid/Small,S&P1000,Y
ticker,JKHY,JKHY,^GSPC,,Financials,Transaction & Payment Processing Services,US,Mid/Small,S&P1000,Y
ticker,JLL,JLL,^GSPC,,Real Estate,Real Estate Services,US,Mid/Small,S&P1000,Y
ticker,KBR,KBR,^GSPC,,Industrials,Diversified Support Services,US,Mid/Small,S&P1000,Y
ticker,KD,KD,^GSPC,,Information Technology,IT Consulting & Other Services,US,Mid/Small,S&P1000,Y
ticker,KDP,KDP,^GSPC,,Consumer Staples,Soft Drinks & Non-alcoholic Beverages,US,Mid/Small,S&P1000,Y
ticker,KEX,KEX,^GSPC,,Industrials,Marine Transportation,US,Mid/Small,S&P1000,Y
ticker,KEYS,KEYS,^GSPC,,Information Technology,Electronic Equipment & Instruments,US,Mid/Small,S&P1000,Y
ticker,KHC,KHC,^GSPC,,Consumer Staples,Packaged Foods & Meats,US,Mid/Small,S&P1000,Y
ticker,KIM,KIM,^GSPC,,Real Estate,Retail REITs,US,Mid/Small,S&P1000,Y
ticker,KKR,KKR,^GSPC,,Financials,Asset Management & Custody Banks,US,Mid/Small,S&P1000,Y
ticker,KMI,KMI,^GSPC,,Energy,Oil & Gas Storage & Transportation,US,Mid/Small,S&P1000,Y
ticker,KMPR,KMPR,^GSPC,,Financials,Multi-line Insurance,US,Mid/Small,S&P1000,Y
ticker,KNF,KNF,^GSPC,,Materials,Construction Materials,US,Mid/Small,S&P1000,Y
ticker,KNSL,KNSL,^GSPC,,Financials,Property & Casualty Insurance,US,Mid/Small,S&P1000,Y
ticker,KNX,KNX,^GSPC,,Industrials,Cargo Ground Transportation,US,Mid/Small,S&P1000,Y
ticker,KR,KR,^GSPC,,Consumer Staples,Food Retail,US,Mid/Small,S&P1000,Y
ticker,KRC,KRC,^GSPC,,Real Estate,Office REITs,US,Mid/Small,S&P1000,Y
ticker,KRG,KRG,^GSPC,,Real Estate,Retail REITs,US,Mid/Small,S&P1000,Y
ticker,KTOS,KTOS,^GSPC,,Industrials,Aerospace & Defense,US,Mid/Small,S&P1000,Y
ticker,KVUE,KVUE,^GSPC,,Consumer Staples,Personal Care Products,US,Mid/Small,S&P1000,Y
ticker,L,L,^GSPC,,Financials,Multi-line Insurance,US,Mid/Small,S&P1000,Y
ticker,LAD,LAD,^GSPC,,Consumer Discretionary,Automotive Retail,US,Mid/Small,S&P1000,Y
ticker,LAMR,LAMR,^GSPC,,Real Estate,Other Specialized REITs,US,Mid/Small,S&P1000,Y
ticker,LDOS,LDOS,^GSPC,,Industrials,Diversified Support Services,US,Mid/Small,S&P1000,Y
ticker,LEA,LEA,^GSPC,,Consumer Discretionary,Automotive Parts & Equipment,US,Mid/Small,S&P1000,Y
ticker,LECO,LECO,^GSPC,,Industrials,Industrial Machinery & Supplies & Components,US,Mid/Small,S&P1000,Y
ticker,LFUS,LFUS,^GSPC,,Information Technology,Electronic Components,US,Mid/Small,S&P1000,Y
ticker,LH,LH,^GSPC,,Health Care,Health Care Services,US,Mid/Small,S&P1000,Y
ticker,LHX,LHX,^GSPC,,Industrials,Aerospace & Defense,US,Mid/Small,S&P1000,Y
ticker,LII,LII,^GSPC,,Industrials,Building Products,US,Mid/Small,S&P1000,Y
ticker,LITE,LITE,^GSPC,,Information Technology,Communications Equipment,US,Mid/Small,S&P1000,Y
ticker,LIVN,LIVN,^GSPC,,Health Care,Health Care Equipment,US,Mid/Small,S&P1000,Y
ticker,LNT,LNT,^GSPC,,Utilities,Electric Utilities,US,Mid/Small,S&P1000,Y
ticker,LNTH,LNTH,^GSPC,,Health Care,Health Care Supplies,US,Mid/Small,S&P1000,Y
ticker,LOPE,LOPE,^GSPC,,Consumer Discretionary,Education Services,US,Mid/Small,S&P1000,Y
ticker,LPX,LPX,^GSPC,,Materials,Forest Products,US,Mid/Small,S&P1000,Y
ticker,LSCC,LSCC,^GSPC,,Information Technology,Semiconductors,US,Mid/Small,S&P1000,Y
ticker,LSTR,LSTR,^GSPC,,Industrials,Cargo Ground Transportation,US,Mid/Small,S&P1000,Y
ticker,LULU,LULU,^GSPC,,Consumer Discretionary,"Apparel, Accessories & Luxury Goods",US,Mid/Small,S&P1000,Y
ticker,LUV,LUV,^GSPC,,Industrials,Passenger Airlines,US,Mid/Small,S&P1000,Y
ticker,LVS,LVS,^GSPC,,Consumer Discretionary,Casinos & Gaming,US,Mid/Small,S&P1000,Y
ticker,LW,LW,^GSPC,,Consumer Staples,Packaged Foods & Meats,US,Mid/Small,S&P1000,Y
ticker,LYV,LYV,^GSPC,,Communication Services,Movies & Entertainment,US,Mid/Small,S&P1000,Y
ticker,M,M,^GSPC,,Consumer Discretionary,Broadline Retail,US,Mid/Small,S&P1000,Y
ticker,MAA,MAA,^GSPC,,Real Estate,Multi-Family Residential REITs,US,Mid/Small,S&P1000,Y
ticker,MANH,MANH,^GSPC,,Information Technology,Application Software,US,Mid/Small,S&P1000,Y
ticker,MAR,MAR,^GSPC,,Consumer Discretionary,"Hotels, Resorts & Cruise Lines",US,Mid/Small,S&P1000,Y
ticker,MAS,MAS,^GSPC,,Industrials,Building Products,US,Mid/Small,S&P1000,Y
ticker,MASI,MASI,^GSPC,,,,US,Mid/Small,S&P1000,Y
ticker,MAT,MAT,^GSPC,,Consumer Discretionary,Leisure Products,US,Mid/Small,S&P1000,Y
ticker,MCK,MCK,^GSPC,,Health Care,Health Care Distributors,US,Mid/Small,S&P1000,Y
ticker,MCO,MCO,^GSPC,,Financials,Financial Exchanges & Data,US,Mid/Small,S&P1000,Y
ticker,MEDP,MEDP,^GSPC,,Health Care,Life Sciences Tools & Services,US,Mid/Small,S&P1000,Y
ticker,MET,MET,^GSPC,,Financials,Life & Health Insurance,US,Mid/Small,S&P1000,Y
ticker,MGM,MGM,^GSPC,,Consumer Discretionary,Casinos & Gaming,US,Mid/Small,S&P1000,Y
ticker,MIDD,MIDD,^GSPC,,Industrials,Industrial Machinery & Supplies & Components,US,Mid/Small,S&P1000,Y
ticker,MKSI,MKSI,^GSPC,,Information Technology,Semiconductor Materials & Equipment,US,Mid/Small,S&P1000,Y
ticker,MLI,MLI,^GSPC,,Industrials,Industrial Machinery & Supplies & Components,US,Mid/Small,S&P1000,Y
ticker,MLM,MLM,^GSPC,,Materials,Construction Materials,US,Mid/Small,S&P1000,Y
ticker,MMS,MMS,^GSPC,,Industrials,Data Processing & Outsourced Services,US,Mid/Small,S&P1000,Y
ticker,MNST,MNST,^GSPC,,Consumer Staples,Soft Drinks & Non-alcoholic Beverages,US,Mid/Small,S&P1000,Y
ticker,MO,MO,^GSPC,,Consumer Staples,Tobacco,US,Mid/Small,S&P1000,Y
ticker,MORN,MORN,^GSPC,,Financials,Financial Exchanges & Data,US,Mid/Small,S&P1000,Y
ticker,MOS,MOS,^GSPC,,Materials,Fertilizers & Agricultural Chemicals,US,Mid/Small,S&P1000,Y
ticker,MP,MP,^GSPC,,Materials,Diversified Metals & Mining,US,Mid/Small,S&P1000,Y
ticker,MRSH,MRSH,^GSPC,,Financials,Insurance Brokers,US,Mid/Small,S&P1000,Y
ticker,MSA,MSA,^GSPC,,Industrials,Office Services & Supplies,US,Mid/Small,S&P1000,Y
ticker,MSCI,MSCI,^GSPC,,Financials,Financial Exchanges & Data,US,Mid/Small,S&P1000,Y
ticker,MSI,MSI,^GSPC,,Information Technology,Communications Equipment,US,Mid/Small,S&P1000,Y
ticker,MSM,MSM,^GSPC,,Industrials,Trading Companies & Distributors,US,Mid/Small,S&P1000,Y
ticker,MTCH,MTCH,^GSPC,,Communication Services,Interactive Media & Services,US,Mid/Small,S&P1000,Y
ticker,MTD,MTD,^GSPC,,Health Care,Life Sciences Tools & Services,US,Mid/Small,S&P1000,Y
ticker,MTDR,MTDR,^GSPC,,Energy,Oil & Gas Exploration & Production,US,Mid/Small,S&P1000,Y
ticker,MTG,MTG,^GSPC,,Financials,Reinsurance,US,Mid/Small,S&P1000,Y
ticker,MTN,MTN,^GSPC,,Consumer Discretionary,"Hotels, Resorts & Cruise Lines",US,Mid/Small,S&P1000,Y
ticker,MTSI,MTSI,^GSPC,,Information Technology,Semiconductors,US,Mid/Small,S&P1000,Y
ticker,MTZ,MTZ,^GSPC,,Industrials,Construction & Engineering,US,Mid/Small,S&P1000,Y
ticker,MU,MU,^GSPC,,Information Technology,Semiconductors,US,Mid/Small,S&P1000,Y
ticker,MUR,MUR,^GSPC,,Energy,Oil & Gas Exploration & Production,US,Mid/Small,S&P1000,Y
ticker,MUSA,MUSA,^GSPC,,Consumer Discretionary,Automotive Retail,US,Mid/Small,S&P1000,Y
ticker,MZTI,MZTI,^GSPC,,Consumer Staples,Packaged Foods & Meats,US,Mid/Small,S&P1000,Y
ticker,NCLH,NCLH,^GSPC,,Consumer Discretionary,"Hotels, Resorts & Cruise Lines",US,Mid/Small,S&P1000,Y
ticker,NEU,NEU,^GSPC,,Materials,Specialty Chemicals,US,Mid/Small,S&P1000,Y
ticker,NFG,NFG,^GSPC,,Utilities,Gas Utilities,US,Mid/Small,S&P1000,Y
ticker,NI,NI,^GSPC,,Utilities,Multi-Utilities,US,Mid/Small,S&P1000,Y
ticker,NJR,NJR,^GSPC,,Utilities,Gas Utilities,US,Mid/Small,S&P1000,Y
ticker,NLY,NLY,^GSPC,,Financials,Mortgage REITs,US,Mid/Small,S&P1000,Y
ticker,NNN,NNN,^GSPC,,Real Estate,Retail REITs,US,Mid/Small,S&P1000,Y
ticker,NOV,NOV,^GSPC,,Energy,Oil & Gas Equipment & Services,US,Mid/Small,S&P1000,Y
ticker,NOVT,NOVT,^GSPC,,Information Technology,Electronic Equipment & Instruments,US,Mid/Small,S&P1000,Y
ticker,NRG,NRG,^GSPC,,Utilities,Independent Power Producers & Energy Traders,US,Mid/Small,S&P1000,Y
ticker,NSA,NSA,^GSPC,,Real Estate,Self-Storage REITs,US,Mid/Small,S&P1000,Y
ticker,NSC,NSC,^GSPC,,Industrials,Rail Transportation,US,Mid/Small,S&P1000,Y
ticker,NTAP,NTAP,^GSPC,,Information Technology,"Technology Hardware, Storage & Peripherals",US,Mid/Small,S&P1000,Y
ticker,NTNX,NTNX,^GSPC,,Information Technology,Systems Software,US,Mid/Small,S&P1000,Y
ticker,NVST,NVST,^GSPC,,Health Care,Health Care Supplies,US,Mid/Small,S&P1000,Y
ticker,NVT,NVT,^GSPC,,Industrials,Electrical Components & Equipment,US,Mid/Small,S&P1000,Y
ticker,NWE,NWE,^GSPC,,Utilities,Multi-Utilities,US,Mid/Small,S&P1000,Y
ticker,NWS,NWS,^GSPC,,Communication Services,Publishing,US,Mid/Small,S&P1000,Y
ticker,NWSA,NWSA,^GSPC,,Communication Services,Publishing,US,Mid/Small,S&P1000,Y
ticker,NXST,NXST,^GSPC,,Communication Services,Broadcasting,US,Mid/Small,S&P1000,Y
ticker,NXT,NXT,^GSPC,,Industrials,Electrical Components & Equipment,US,Mid/Small,S&P1000,Y
ticker,NYT,NYT,^GSPC,,Communication Services,Publishing,US,Mid/Small,S&P1000,Y
ticker,OC,OC,^GSPC,,Industrials,Building Products,US,Mid/Small,S&P1000,Y
ticker,ODFL,ODFL,^GSPC,,Industrials,Cargo Ground Transportation,US,Mid/Small,S&P1000,Y
ticker,OGE,OGE,^GSPC,,Utilities,Multi-Utilities,US,Mid/Small,S&P1000,Y
ticker,OGS,OGS,^GSPC,,Utilities,Gas Utilities,US,Mid/Small,S&P1000,Y
ticker,OHI,OHI,^GSPC,,Real Estate,Health Care REITs,US,Mid/Small,S&P1000,Y
ticker,OKE,OKE,^GSPC,,Energy,Oil & Gas Storage & Transportation,US,Mid/Small,S&P1000,Y
ticker,OLED,OLED,^GSPC,,Information Technology,Semiconductors,US,Mid/Small,S&P1000,Y
ticker,OLLI,OLLI,^GSPC,,Consumer Discretionary,Broadline Retail,US,Mid/Small,S&P1000,Y
ticker,OLN,OLN,^GSPC,,Materials,Diversified Chemicals,US,Mid/Small,S&P1000,Y
ticker,OMC,OMC,^GSPC,,Communication Services,Advertising,US,Mid/Small,S&P1000,Y
ticker,ONB,ONB,^GSPC,,Financials,Regional Banks,US,Mid/Small,S&P1000,Y
ticker,ONTO,ONTO,^GSPC,,Information Technology,Semiconductor Materials & Equipment,US,Mid/Small,S&P1000,Y
ticker,OPCH,OPCH,^GSPC,,Health Care,Health Care Facilities,US,Mid/Small,S&P1000,Y
ticker,ORA,ORA,^GSPC,,Utilities,Renewable Electricity,US,Mid/Small,S&P1000,Y
ticker,ORI,ORI,^GSPC,,Financials,Property & Casualty Insurance,US,Mid/Small,S&P1000,Y
ticker,ORLY,ORLY,^GSPC,,Consumer Discretionary,Automotive Retail,US,Mid/Small,S&P1000,Y
ticker,OSK,OSK,^GSPC,,Industrials,Construction Machinery & Heavy Transportation Equipment,US,Mid/Small,S&P1000,Y
ticker,OTIS,OTIS,^GSPC,,Industrials,Industrial Machinery & Supplies & Components,US,Mid/Small,S&P1000,Y
ticker,OVV,OVV,^GSPC,,Energy,Oil & Gas Exploration & Production,US,Mid/Small,S&P1000,Y
ticker,OZK,OZK,^GSPC,,Financials,Regional Banks,US,Mid/Small,S&P1000,Y
ticker,PAG,PAG,^GSPC,,Consumer Discretionary,Automotive Retail,US,Mid/Small,S&P1000,Y
ticker,PATH,PATH,^GSPC,,Information Technology,Systems Software,US,Mid/Small,S&P1000,Y
ticker,PAYC,PAYC,^GSPC,,Industrials,Human Resource & Employment Services,US,Mid/Small,S&P1000,Y
ticker,PAYX,PAYX,^GSPC,,Industrials,Human Resource & Employment Services,US,Mid/Small,S&P1000,Y
ticker,PB,PB,^GSPC,,Financials,Regional Banks,US,Mid/Small,S&P1000,Y
ticker,PBF,PBF,^GSPC,,Energy,Oil & Gas Refining & Marketing,US,Mid/Small,S&P1000,Y
ticker,PCAR,PCAR,^GSPC,,Industrials,Construction Machinery & Heavy Transportation Equipment,US,Mid/Small,S&P1000,Y
ticker,PCG,PCG,^GSPC,,Utilities,Multi-Utilities,US,Mid/Small,S&P1000,Y
ticker,PCH,PCH,^GSPC,,,,US,Mid/Small,S&P1000,Y
ticker,PCTY,PCTY,^GSPC,,Industrials,Human Resource & Employment Services,US,Mid/Small,S&P1000,Y
ticker,PEG,PEG,^GSPC,,Utilities,Electric Utilities,US,Mid/Small,S&P1000,Y
ticker,PEGA,PEGA,^GSPC,,Information Technology,Application Software,US,Mid/Small,S&P1000,Y
ticker,PEN,PEN,^GSPC,,Health Care,Health Care Equipment,US,Mid/Small,S&P1000,Y
ticker,PFG,PFG,^GSPC,,Financials,Life & Health Insurance,US,Mid/Small,S&P1000,Y
ticker,PFGC,PFGC,^GSPC,,Consumer Staples,Food Distributors,US,Mid/Small,S&P1000,Y
ticker,PGR,PGR,^GSPC,,Financials,Property & Casualty Insurance,US,Mid/Small,S&P1000,Y
ticker,PII,PII,^GSPC,,Consumer Discretionary,Leisure Products,US,Mid/Small,S&P1000,Y
ticker,PINS,PINS,^GSPC,,Communication Services,,US,Mid/Small,S&P1000,Y
ticker,PK,PK,^GSPC,,Real Estate,Hotel & Resort REITs,US,Mid/Small,S&P1000,Y
ticker,PKG,PKG,^GSPC,,Materials,Paper & Plastic Packaging Products & Materials,US,Mid/Small,S&P1000,Y
ticker,PLNT,PLNT,^GSPC,,Consumer Discretionary,Leisure Facilities,US,Mid/Small,S&P1000,Y
ticker,PM,PM,^GSPC,,Consumer Staples,Tobacco,US,Mid/Small,S&P1000,Y
ticker,PNFP,PNFP,^GSPC,,Financials,Regional Banks,US,Mid/Small,S&P1000,Y
ticker,PNW,PNW,^GSPC,,Utilities,Multi-Utilities,US,Mid/Small,S&P1000,Y
ticker,PODD,PODD,^GSPC,,Health Care,Health Care Equipment,US,Mid/Small,S&P1000,Y
ticker,POOL,POOL,^GSPC,,Consumer Discretionary,Distributors,US,Mid/Small,S&P1000,Y
ticker,POR,POR,^GSPC,,Utilities,Electric Utilities,US,Mid/Small,S&P1000,Y
ticker,POST,POST,^GSPC,,Consumer Staples,Packaged Foods & Meats,US,Mid/Small,S&P1000,Y
ticker,PPC,PPC,^GSPC,,Consumer Staples,Packaged Foods & Meats,US,Mid/Small,S&P1000,Y
ticker,PPL,PPL,^GSPC,,Utilities,Electric Utilities,US,Mid/Small,S&P1000,Y
ticker,PR,PR,^GSPC,,Energy,Oil & Gas Exploration & Production,US,Mid/Small,S&P1000,Y
ticker,PRI,PRI,^GSPC,,Financials,Life & Health Insurance,US,Mid/Small,S&P1000,Y
ticker,PRU,PRU,^GSPC,,Financials,Life & Health Insurance,US,Mid/Small,S&P1000,Y
ticker,PSKY,PSKY,^GSPC,,Communication Services,Movies & Entertainment,US,Mid/Small,S&P1000,Y
ticker,PSN,PSN,^GSPC,,Industrials,Aerospace & Defense,US,Mid/Small,S&P1000,Y
ticker,PSTG,PSTG,^GSPC,,,,US,Mid/Small,S&P1000,Y
ticker,PSX,PSX,^GSPC,,Energy,Oil & Gas Refining & Marketing,US,Mid/Small,S&P1000,Y
ticker,PTC,PTC,^GSPC,,Information Technology,Application Software,US,Mid/Small,S&P1000,Y
ticker,PVH,PVH,^GSPC,,Consumer Discretionary,"Apparel, Accessories & Luxury Goods",US,Mid/Small,S&P1000,Y
ticker,PWR,PWR,^GSPC,,Industrials,Construction & Engineering,US,Mid/Small,S&P1000,Y
ticker,PYPL,PYPL,^GSPC,,Financials,Transaction & Payment Processing Services,US,Mid/Small,S&P1000,Y
ticker,Q,Q,^GSPC,,Information Technology,Semiconductor Materials & Equipment,US,Mid/Small,S&P1000,Y
ticker,R,R,^GSPC,,Industrials,Cargo Ground Transportation,US,Mid/Small,S&P1000,Y
ticker,RBA,RBA,^GSPC,,Industrials,Diversified Support Services,US,Mid/Small,S&P1000,Y
ticker,RBC,RBC,^GSPC,,Industrials,Industrial Machinery & Supplies & Components,US,Mid/Small,S&P1000,Y
ticker,RCL,RCL,^GSPC,,Consumer Discretionary,"Hotels, Resorts & Cruise Lines",US,Mid/Small,S&P1000,Y
ticker,REG,REG,^GSPC,,Real Estate,Retail REITs,US,Mid/Small,S&P1000,Y
ticker,REXR,REXR,^GSPC,,Real Estate,Industrial REITs,US,Mid/Small,S&P1000,Y
ticker,RF,RF,^GSPC,,Financials,Regional Banks,US,Mid/Small,S&P1000,Y
ticker,RGA,RGA,^GSPC,,Financials,Reinsurance,US,Mid/Small,S&P1000,Y
ticker,RGEN,RGEN,^GSPC,,Health Care,Biotechnology,US,Mid/Small,S&P1000,Y
ticker,RGLD,RGLD,^GSPC,,Materials,Gold,US,Mid/Small,S&P1000,Y
ticker,RH,RH,^GSPC,,Consumer Discretionary,Homefurnishing Retail,US,Mid/Small,S&P1000,Y
ticker,RJF,RJF,^GSPC,,Financials,Investment Banking & Brokerage,US,Mid/Small,S&P1000,Y
ticker,RL,RL,^GSPC,,Consumer Discretionary,"Apparel, Accessories & Luxury Goods",US,Mid/Small,S&P1000,Y
ticker,RLI,RLI,^GSPC,,Financials,Property & Casualty Insurance,US,Mid/Small,S&P1000,Y
ticker,RMBS,RMBS,^GSPC,,Information Technology,Semiconductors,US,Mid/Small,S&P1000,Y
ticker,RNR,RNR,^GSPC,,Financials,Reinsurance,US,Mid/Small,S&P1000,Y
ticker,ROIV,ROIV,^GSPC,,Health Care,Biotechnology,US,Mid/Small,S&P1000,Y
ticker,ROL,ROL,^GSPC,,Industrials,Environmental & Facilities Services,US,Mid/Small,S&P1000,Y
ticker,RPM,RPM,^GSPC,,Materials,Specialty Chemicals,US,Mid/Small,S&P1000,Y
ticker,RRC,RRC,^GSPC,,Energy,Oil & Gas Exploration & Production,US,Mid/Small,S&P1000,Y
ticker,RRX,RRX,^GSPC,,Industrials,Electrical Components & Equipment,US,Mid/Small,S&P1000,Y
ticker,RS,RS,^GSPC,,Materials,Steel,US,Mid/Small,S&P1000,Y
ticker,RSG,RSG,^GSPC,,Industrials,Environmental & Facilities Services,US,Mid/Small,S&P1000,Y
ticker,RVTY,RVTY,^GSPC,,Health Care,Health Care Equipment,US,Mid/Small,S&P1000,Y
ticker,RYAN,RYAN,^GSPC,,Financials,Insurance Brokers,US,Mid/Small,S&P1000,Y
ticker,RYN,RYN,^GSPC,,Real Estate,Timber REITs,US,Mid/Small,S&P1000,Y
ticker,SAIA,SAIA,^GSPC,,Industrials,Cargo Ground Transportation,US,Mid/Small,S&P1000,Y
ticker,SAIC,SAIC,^GSPC,,Industrials,Diversified Support Services,US,Mid/Small,S&P1000,Y
ticker,SAM,SAM,^GSPC,,Consumer Staples,Brewers,US,Mid/Small,S&P1000,Y
ticker,SARO,SARO,^GSPC,,Industrials,Aerospace & Defense,US,Mid/Small,S&P1000,Y
ticker,SATS,SATS,^GSPC,,Communication Services,Wireless Telecommunication Services,US,Mid/Small,S&P1000,Y
ticker,SBAC,SBAC,^GSPC,,Real Estate,Telecom Tower REITs,US,Mid/Small,S&P1000,Y
ticker,SBRA,SBRA,^GSPC,,Real Estate,Health Care REITs,US,Mid/Small,S&P1000,Y
ticker,SCI,SCI,^GSPC,,Consumer Discretionary,Specialized Consumer Services,US,Mid/Small,S&P1000,Y
ticker,SEIC,SEIC,^GSPC,,Financials,Asset Management & Custody Banks,US,Mid/Small,S&P1000,Y
ticker,SF,SF,^GSPC,,Financials,Investment Banking & Brokerage,US,Mid/Small,S&P1000,Y
ticker,SFM,SFM,^GSPC,,Consumer Staples,Food Retail,US,Mid/Small,S&P1000,Y
ticker,SGI,SGI,^GSPC,,Consumer Discretionary,Home Furnishings,US,Mid/Small,S&P1000,Y
ticker,SHC,SHC,^GSPC,,Health Care,Health Care Services,US,Mid/Small,S&P1000,Y
ticker,SIGI,SIGI,^GSPC,,Financials,Property & Casualty Insurance,US,Mid/Small,S&P1000,Y
ticker,SLAB,SLAB,^GSPC,,Information Technology,Semiconductors,US,Mid/Small,S&P1000,Y
ticker,SLGN,SLGN,^GSPC,,Materials,"Metal, Glass & Plastic Containers",US,Mid/Small,S&P1000,Y
ticker,SLM,SLM,^GSPC,,Financials,Consumer Finance,US,Mid/Small,S&P1000,Y
ticker,SMCI,SMCI,^GSPC,,Information Technology,"Technology Hardware, Storage & Peripherals",US,Mid/Small,S&P1000,Y
ticker,SMG,SMG,^GSPC,,Materials,Fertilizers & Agricultural Chemicals,US,Mid/Small,S&P1000,Y
ticker,SNA,SNA,^GSPC,,Industrials,Industrial Machinery & Supplies & Components,US,Mid/Small,S&P1000,Y
ticker,SNDK,SNDK,^GSPC,,Information Technology,"Technology Hardware, Storage & Peripherals",US,Mid/Small,S&P1000,Y
ticker,SNPS,SNPS,^GSPC,,Information Technology,Application Software,US,Mid/Small,S&P1000,Y
ticker,SNX,SNX,^GSPC,,Information Technology,Technology Distributors,US,Mid/Small,S&P1000,Y
ticker,SOLV,SOLV,^GSPC,,Health Care,Health Care Technology,US,Mid/Small,S&P1000,Y
ticker,SPGI,SPGI,^GSPC,,Financials,Financial Exchanges & Data,US,Mid/Small,S&P1000,Y
ticker,SPXC,SPXC,^GSPC,,Industrials,Industrial Machinery & Supplies & Components,US,Mid/Small,S&P1000,Y
ticker,SR,SR,^GSPC,,Utilities,Gas Utilities,US,Mid/Small,S&P1000,Y
ticker,SSB,SSB,^GSPC,,Financials,Regional Banks,US,Mid/Small,S&P1000,Y
ticker,SSD,SSD,^GSPC,,Industrials,Building Products,US,Mid/Small,S&P1000,Y
ticker,ST,ST,^GSPC,,Industrials,Electrical Components & Equipment,US,Mid/Small,S&P1000,Y
ticker,STAG,STAG,^GSPC,,Real Estate,Industrial REITs,US,Mid/Small,S&P1000,Y
ticker,STE,STE,^GSPC,,Health Care,Health Care Equipment,US,Mid/Small,S&P1000,Y
ticker,STLD,STLD,^GSPC,,Materials,Steel,US,Mid/Small,S&P1000,Y
ticker,STRL,STRL,^GSPC,,Industrials,Construction & Engineering,US,Mid/Small,S&P1000,Y
ticker,STWD,STWD,^GSPC,,Financials,Mortgage REITs,US,Mid/Small,S&P1000,Y
ticker,STX,STX,^GSPC,,Information Technology,"Technology Hardware, Storage & Peripherals",US,Mid/Small,S&P1000,Y
ticker,SW,SW,^GSPC,,Materials,Paper & Plastic Packaging Products & Materials,US,Mid/Small,S&P1000,Y
ticker,SWX,SWX,^GSPC,,Utilities,Gas Utilities,US,Mid/Small,S&P1000,Y
ticker,SYF,SYF,^GSPC,,Financials,Consumer Finance,US,Mid/Small,S&P1000,Y
ticker,SYNA,SYNA,^GSPC,,Information Technology,Semiconductors,US,Mid/Small,S&P1000,Y
ticker,SYY,SYY,^GSPC,,Consumer Staples,Food Distributors,US,Mid/Small,S&P1000,Y
ticker,TCBI,TCBI,^GSPC,,Financials,Regional Banks,US,Mid/Small,S&P1000,Y
ticker,TDG,TDG,^GSPC,,Industrials,Aerospace & Defense,US,Mid/Small,S&P1000,Y
ticker,TDY,TDY,^GSPC,,Information Technology,Electronic Equipment & Instruments,US,Mid/Small,S&P1000,Y
ticker,TEL,TEL,^GSPC,,Information Technology,Electronic Manufacturing Services,US,Mid/Small,S&P1000,Y
ticker,TER,TER,^GSPC,,Information Technology,Semiconductor Materials & Equipment,US,Mid/Small,S&P1000,Y
ticker,TEX,TEX,^GSPC,,Industrials,Construction Machinery & Heavy Transportation Equipment,US,Mid/Small,S&P1000,Y
ticker,THC,THC,^GSPC,,Health Care,Health Care Facilities,US,Mid/Small,S&P1000,Y
ticker,THG,THG,^GSPC,,Financials,Property & Casualty Insurance,US,Mid/Small,S&P1000,Y
ticker,THO,THO,^GSPC,,Consumer Discretionary,Leisure Products,US,Mid/Small,S&P1000,Y
ticker,TKO,TKO,^GSPC,,Communication Services,Movies & Entertainment,US,Mid/Small,S&P1000,Y
ticker,TKR,TKR,^GSPC,,Industrials,Industrial Machinery & Supplies & Components,US,Mid/Small,S&P1000,Y
ticker,TLN,TLN,^GSPC,,Utilities,Independent Power Producers & Energy Traders,US,Mid/Small,S&P1000,Y
ticker,TMHC,TMHC,^GSPC,,Consumer Discretionary,Homebuilding,US,Mid/Small,S&P1000,Y
ticker,TNL,TNL,^GSPC,,Consumer Discretionary,"Hotels, Resorts & Cruise Lines",US,Mid/Small,S&P1000,Y
ticker,TPL,TPL,^GSPC,,Energy,Oil & Gas Exploration & Production,US,Mid/Small,S&P1000,Y
ticker,TPR,TPR,^GSPC,,Consumer Discretionary,"Apparel, Accessories & Luxury Goods",US,Mid/Small,S&P1000,Y
ticker,TREX,TREX,^GSPC,,Industrials,Building Products,US,Mid/Small,S&P1000,Y
ticker,TRGP,TRGP,^GSPC,,Energy,Oil & Gas Storage & Transportation,US,Mid/Small,S&P1000,Y
ticker,TRMB,TRMB,^GSPC,,Information Technology,Application Software,US,Mid/Small,S&P1000,Y
ticker,TRU,TRU,^GSPC,,Industrials,Research & Consulting Services,US,Mid/Small,S&P1000,Y
ticker,TRV,TRV,^GSPC,,Financials,Property & Casualty Insurance,US,Mid/Small,S&P1000,Y
ticker,TSCO,TSCO,^GSPC,,Consumer Discretionary,Other Specialty Retail,US,Mid/Small,S&P1000,Y
ticker,TSN,TSN,^GSPC,,Consumer Staples,Packaged Foods & Meats,US,Mid/Small,S&P1000,Y
ticker,TT,TT,^GSPC,,Industrials,Building Products,US,Mid/Small,S&P1000,Y
ticker,TTD,TTD,^GSPC,,Communication Services,Advertising,US,Mid/Small,S&P1000,Y
ticker,TTEK,TTEK,^GSPC,,Industrials,Construction & Engineering,US,Mid/Small,S&P1000,Y
ticker,TTWO,TTWO,^GSPC,,Communication Services,Interactive Home Entertainment,US,Mid/Small,S&P1000,Y
ticker,TWLO,TWLO,^GSPC,,Information Technology,Systems Software,US,Mid/Small,S&P1000,Y
ticker,TXNM,TXNM,^GSPC,,Utilities,Electric Utilities,US,Mid/Small,S&P1000,Y
ticker,TXRH,TXRH,^GSPC,,Consumer Discretionary,Restaurants,US,Mid/Small,S&P1000,Y
ticker,TYL,TYL,^GSPC,,Information Technology,Application Software,US,Mid/Small,S&P1000,Y
ticker,UAL,UAL,^GSPC,,Industrials,Passenger Airlines,US,Mid/Small,S&P1000,Y
ticker,UBER,UBER,^GSPC,,Industrials,Passenger Ground Transportation,US,Mid/Small,S&P1000,Y
ticker,UBSI,UBSI,^GSPC,,Financials,Regional Banks,US,Mid/Small,S&P1000,Y
ticker,UDR,UDR,^GSPC,,Real Estate,Multi-Family Residential REITs,US,Mid/Small,S&P1000,Y
ticker,UFPI,UFPI,^GSPC,,Industrials,Building Products,US,Mid/Small,S&P1000,Y
ticker,UGI,UGI,^GSPC,,Utilities,Gas Utilities,US,Mid/Small,S&P1000,Y
ticker,UHS,UHS,^GSPC,,Health Care,Health Care Facilities,US,Mid/Small,S&P1000,Y
ticker,ULS,ULS,^GSPC,,Industrials,,US,Mid/Small,S&P1000,Y
ticker,UMBF,UMBF,^GSPC,,Financials,Regional Banks,US,Mid/Small,S&P1000,Y
ticker,UNM,UNM,^GSPC,,Financials,Life & Health Insurance,US,Mid/Small,S&P1000,Y
ticker,UPS,UPS,^GSPC,,Industrials,Air Freight & Logistics,US,Mid/Small,S&P1000,Y
ticker,URI,URI,^GSPC,,Industrials,Trading Companies & Distributors,US,Mid/Small,S&P1000,Y
ticker,USFD,USFD,^GSPC,,Consumer Staples,Food Distributors,US,Mid/Small,S&P1000,Y
ticker,UTHR,UTHR,^GSPC,,Health Care,Biotechnology,US,Mid/Small,S&P1000,Y
ticker,VAL,VAL,^GSPC,,Energy,Oil & Gas Drilling,US,Mid/Small,S&P1000,Y
ticker,VC,VC,^GSPC,,Consumer Discretionary,Automotive Parts & Equipment,US,Mid/Small,S&P1000,Y
ticker,VICI,VICI,^GSPC,,Real Estate,Hotel & Resort REITs,US,Mid/Small,S&P1000,Y
ticker,VLTO,VLTO,^GSPC,,Industrials,Environmental & Facilities Services,US,Mid/Small,S&P1000,Y
ticker,VLY,VLY,^GSPC,,Financials,Regional Banks,US,Mid/Small,S&P1000,Y
ticker,VMI,VMI,^GSPC,,Industrials,Industrial Machinery & Supplies & Components,US,Mid/Small,S&P1000,Y
ticker,VNO,VNO,^GSPC,,Real Estate,Office REITs,US,Mid/Small,S&P1000,Y
ticker,VNOM,VNOM,^GSPC,,Energy,Oil & Gas Storage & Transportation,US,Mid/Small,S&P1000,Y
ticker,VNT,VNT,^GSPC,,Information Technology,Electronic Equipment & Instruments,US,Mid/Small,S&P1000,Y
ticker,VOYA,VOYA,^GSPC,,Financials,Multi-Sector Holdings,US,Mid/Small,S&P1000,Y
ticker,VRSK,VRSK,^GSPC,,Industrials,Research & Consulting Services,US,Mid/Small,S&P1000,Y
ticker,VRSN,VRSN,^GSPC,,Information Technology,Internet Services & Infrastructure,US,Mid/Small,S&P1000,Y
ticker,VST,VST,^GSPC,,Utilities,Electric Utilities,US,Mid/Small,S&P1000,Y
ticker,VTR,VTR,^GSPC,,Real Estate,Health Care REITs,US,Mid/Small,S&P1000,Y
ticker,VTRS,VTRS,^GSPC,,Health Care,Pharmaceuticals,US,Mid/Small,S&P1000,Y
ticker,VVV,VVV,^GSPC,,Consumer Discretionary,Automotive Retail,US,Mid/Small,S&P1000,Y
ticker,WAB,WAB,^GSPC,,Industrials,Construction Machinery & Heavy Transportation Equipment,US,Mid/Small,S&P1000,Y
ticker,WAL,WAL,^GSPC,,Financials,Regional Banks,US,Mid/Small,S&P1000,Y
ticker,WAT,WAT,^GSPC,,Health Care,Life Sciences Tools & Services,US,Mid/Small,S&P1000,Y
ticker,WBD,WBD,^GSPC,,Communication Services,Broadcasting,US,Mid/Small,S&P1000,Y
ticker,WBS,WBS,^GSPC,,Financials,Regional Banks,US,Mid/Small,S&P1000,Y
ticker,WCC,WCC,^GSPC,,Industrials,Trading Companies & Distributors,US,Mid/Small,S&P1000,Y
ticker,WDC,WDC,^GSPC,,Information Technology,"Technology Hardware, Storage & Peripherals",US,Mid/Small,S&P1000,Y
ticker,WEX,WEX,^GSPC,,Financials,Transaction & Payment Processing Services,US,Mid/Small,S&P1000,Y
ticker,WFRD,WFRD,^GSPC,,Energy,Oil & Gas Equipment & Services,US,Mid/Small,S&P1000,Y
ticker,WH,WH,^GSPC,,Consumer Discretionary,"Hotels, Resorts & Cruise Lines",US,Mid/Small,S&P1000,Y
ticker,WHR,WHR,^GSPC,,Consumer Discretionary,Household Appliances,US,Mid/Small,S&P1000,Y
ticker,WING,WING,^GSPC,,Consumer Discretionary,Restaurants,US,Mid/Small,S&P1000,Y
ticker,WM,WM,^GSPC,,Industrials,Environmental & Facilities Services,US,Mid/Small,S&P1000,Y
ticker,WMB,WMB,^GSPC,,Energy,Oil & Gas Storage & Transportation,US,Mid/Small,S&P1000,Y
ticker,WMG,WMG,^GSPC,,Communication Services,Movies & Entertainment,US,Mid/Small,S&P1000,Y
ticker,WMS,WMS,^GSPC,,Industrials,Building Products,US,Mid/Small,S&P1000,Y
ticker,WPC,WPC,^GSPC,,Real Estate,Diversified REITs,US,Mid/Small,S&P1000,Y
ticker,WRB,WRB,^GSPC,,Financials,Property & Casualty Insurance,US,Mid/Small,S&P1000,Y
ticker,WSM,WSM,^GSPC,,Consumer Discretionary,Homefurnishing Retail,US,Mid/Small,S&P1000,Y
ticker,WSO,WSO,^GSPC,,Industrials,Trading Companies & Distributors,US,Mid/Small,S&P1000,Y
ticker,WTFC,WTFC,^GSPC,,Financials,Regional Banks,US,Mid/Small,S&P1000,Y
ticker,WTRG,WTRG,^GSPC,,Utilities,Water Utilities,US,Mid/Small,S&P1000,Y
ticker,WTS,WTS,^GSPC,,Industrials,Building Products,US,Mid/Small,S&P1000,Y
ticker,WTW,WTW,^GSPC,,Financials,Insurance Brokers,US,Mid/Small,S&P1000,Y
ticker,WY,WY,^GSPC,,Real Estate,Timber REITs,US,Mid/Small,S&P1000,Y
ticker,WYNN,WYNN,^GSPC,,Consumer Discretionary,Casinos & Gaming,US,Mid/Small,S&P1000,Y
ticker,XPO,XPO,^GSPC,,Industrials,Cargo Ground Transportation,US,Mid/Small,S&P1000,Y
ticker,XRAY,XRAY,^GSPC,,Health Care,Health Care Supplies,US,Mid/Small,S&P1000,Y
ticker,XYL,XYL,^GSPC,,Industrials,Industrial Machinery & Supplies & Components,US,Mid/Small,S&P1000,Y
ticker,XYZ,XYZ,^GSPC,,Financials,Transaction & Payment Processing Services,US,Mid/Small,S&P1000,Y
ticker,YETI,YETI,^GSPC,,Consumer Discretionary,Leisure Products,US,Mid/Small,S&P1000,Y
ticker,ZBRA,ZBRA,^GSPC,,Information Technology,Electronic Equipment & Instruments,US,Mid/Small,S&P1000,Y
ticker,AAMI,AAMI,^GSPC,,Financials,Asset Management & Custody Banks,US,Mid/Small,S&P1000,Y
ticker,AAP,AAP,^GSPC,,Consumer Discretionary,Automotive Retail,US,Mid/Small,S&P1000,Y
ticker,AAT,AAT,^GSPC,,Real Estate,Diversified REITs,US,Mid/Small,S&P1000,Y
ticker,ABCB,ABCB,^GSPC,,Financials,Regional Banks,US,Mid/Small,S&P1000,Y
ticker,ABG,ABG,^GSPC,,Consumer Discretionary,Automotive Retail,US,Mid/Small,S&P1000,Y
ticker,ABM,ABM,^GSPC,,Industrials,Environmental & Facilities Services,US,Mid/Small,S&P1000,Y
ticker,ABR,ABR,^GSPC,,Financials,Mortgage REITs,US,Mid/Small,S&P1000,Y
ticker,ACA,ACA,^GSPC,,Industrials,Construction & Engineering,US,Mid/Small,S&P1000,Y
ticker,ACAD,ACAD,^GSPC,,Health Care,Pharmaceuticals,US,Mid/Small,S&P1000,Y
ticker,ACHC,ACHC,^GSPC,,Health Care,Health Care Facilities,US,Mid/Small,S&P1000,Y
ticker,ACIW,ACIW,^GSPC,,Information Technology,Application Software,US,Mid/Small,S&P1000,Y
ticker,ACLS,ACLS,^GSPC,,Information Technology,Semiconductor Materials & Equipment,US,Mid/Small,S&P1000,Y
ticker,ACMR,ACMR,^GSPC,,Information Technology,Semiconductor Materials & Equipment,US,Mid/Small,S&P1000,Y
ticker,ACT,ACT,^GSPC,,Financials,Commercial & Residential Mortgage Finance,US,Mid/Small,S&P1000,Y
ticker,ADAM,ADAM,^GSPC,,Real Estate,Mortgage REITs,US,Mid/Small,S&P1000,Y
ticker,ADEA,ADEA,^GSPC,,Information Technology,IT Consulting & Other Services,US,Mid/Small,S&P1000,Y
ticker,ADMA,ADMA,^GSPC,,Health Care,Biotechnology,US,Mid/Small,S&P1000,Y
ticker,ADNT,ADNT,^GSPC,,Consumer Discretionary,Automotive Parts & Equipment,US,Mid/Small,S&P1000,Y
ticker,ADUS,ADUS,^GSPC,,Health Care,Health Care Services,US,Mid/Small,S&P1000,Y
ticker,AEIS,AEIS,^GSPC,,Information Technology,Semiconductor Materials & Equipment,US,Mid/Small,S&P1000,Y
ticker,AEO,AEO,^GSPC,,Consumer Discretionary,Apparel Retail,US,Mid/Small,S&P1000,Y
ticker,AESI,AESI,^GSPC,,Energy,Oil & Gas Equipment & Services,US,Mid/Small,S&P1000,Y
ticker,AGO,AGO,^GSPC,,Financials,Property & Casualty Insurance,US,Mid/Small,S&P1000,Y
ticker,AGYS,AGYS,^GSPC,,Information Technology,Application Software,US,Mid/Small,S&P1000,Y
ticker,AHCO,AHCO,^GSPC,,Health Care,Health Care Equipment,US,Mid/Small,S&P1000,Y
ticker,AHH,AHH,^GSPC,,,,US,Mid/Small,S&P1000,Y
ticker,AIN,AIN,^GSPC,,Industrials,Industrial Machinery & Supplies & Components,US,Mid/Small,S&P1000,Y
ticker,AIR,AIR,^GSPC,,Industrials,Aerospace & Defense,US,Mid/Small,S&P1000,Y
ticker,AKR,AKR,^GSPC,,Real Estate,Retail REITs,US,Mid/Small,S&P1000,Y
ticker,AL,AL,^GSPC,,,,US,Mid/Small,S&P1000,Y
ticker,ALEX,ALEX,^GSPC,,,,US,Mid/Small,S&P1000,Y
ticker,ALG,ALG,^GSPC,,Industrials,Construction Machinery & Heavy Transportation Equipment,US,Mid/Small,S&P1000,Y
ticker,ALGT,ALGT,^GSPC,,Industrials,Passenger Airlines,US,Mid/Small,S&P1000,Y
ticker,ALRM,ALRM,^GSPC,,Financials,Application Software,US,Mid/Small,S&P1000,Y
ticker,AMN,AMN,^GSPC,,Health Care,Health Care Services,US,Mid/Small,S&P1000,Y
ticker,AMPH,AMPH,^GSPC,,Health Care,Pharmaceuticals,US,Mid/Small,S&P1000,Y
ticker,AMR,AMR,^GSPC,,Materials,Steel,US,Mid/Small,S&P1000,Y
ticker,AMSF,AMSF,^GSPC,,Financials,Property & Casualty Insurance,US,Mid/Small,S&P1000,Y
ticker,AMTM,AMTM,^GSPC,,Industrials,Diversified Support Services,US,Mid/Small,S&P1000,Y
ticker,AMWD,AMWD,^GSPC,,,,US,Mid/Small,S&P1000,Y
ticker,ANDE,ANDE,^GSPC,,Consumer Staples,Food Distributors,US,Mid/Small,S&P1000,Y
ticker,ANGI,ANGI,^GSPC,,,,US,Mid/Small,S&P1000,Y
ticker,ANIP,ANIP,^GSPC,,Health Care,Pharmaceuticals,US,Mid/Small,S&P1000,Y
ticker,AORT,AORT,^GSPC,,Health Care,Health Care Equipment,US,Mid/Small,S&P1000,Y
ticker,AOSL,AOSL,^GSPC,,Information Technology,Semiconductors,US,Mid/Small,S&P1000,Y
ticker,APAM,APAM,^GSPC,,Financials,Asset Management & Custody Banks,US,Mid/Small,S&P1000,Y
ticker,APLE,APLE,^GSPC,,Real Estate,Hotel & Resort REITs,US,Mid/Small,S&P1000,Y
ticker,APOG,APOG,^GSPC,,Industrials,Building Products,US,Mid/Small,S&P1000,Y
ticker,ARCB,ARCB,^GSPC,,Industrials,Cargo Ground Transportation,US,Mid/Small,S&P1000,Y
ticker,ARI,ARI,^GSPC,,Real Estate,Mortgage REITs,US,Mid/Small,S&P1000,Y
ticker,ARLO,ARLO,^GSPC,,Information Technology,Communications Equipment,US,Mid/Small,S&P1000,Y
ticker,AROC,AROC,^GSPC,,Energy,Oil & Gas Equipment & Services,US,Mid/Small,S&P1000,Y
ticker,ARR,ARR,^GSPC,,Real Estate,Mortgage REITs,US,Mid/Small,S&P1000,Y
ticker,ARWR,ARWR,^GSPC,,Health Care,Biotechnology,US,Mid/Small,S&P1000,Y
ticker,ASO,ASO,^GSPC,,Consumer Discretionary,Specialty Stores,US,Mid/Small,S&P1000,Y
ticker,ASTE,ASTE,^GSPC,,Industrials,Construction Machinery & Heavy Transportation Equipment,US,Mid/Small,S&P1000,Y
ticker,ASTH,ASTH,^GSPC,,Health Care,Health Care Facilities,US,Mid/Small,S&P1000,Y
ticker,ATEN,ATEN,^GSPC,,Information Technology,Systems Software,US,Mid/Small,S&P1000,Y
ticker,ATGE,ATGE,^GSPC,,,,US,Mid/Small,S&P1000,Y
ticker,AUB,AUB,^GSPC,,Financials,Regional Banks,US,Mid/Small,S&P1000,Y
ticker,AVA,AVA,^GSPC,,Utilities,Multi-Utilities,US,Mid/Small,S&P1000,Y
ticker,AVNS,AVNS,^GSPC,,Health Care,Health Care Supplies,US,Mid/Small,S&P1000,Y
ticker,AWI,AWI,^GSPC,,Industrials,Building Products,US,Mid/Small,S&P1000,Y
ticker,AWR,AWR,^GSPC,,Utilities,Water Utilities,US,Mid/Small,S&P1000,Y
ticker,AX,AX,^GSPC,,Financials,Regional Banks,US,Mid/Small,S&P1000,Y
ticker,AXL,AXL,^GSPC,,,,US,Mid/Small,S&P1000,Y
ticker,AZTA,AZTA,^GSPC,,Health Care,Life Sciences Tools & Services,US,Mid/Small,S&P1000,Y
ticker,AZZ,AZZ,^GSPC,,Industrials,Heavy Electrical Equipment,US,Mid/Small,S&P1000,Y
ticker,BANC,BANC,^GSPC,,Financials,Regional Banks,US,Mid/Small,S&P1000,Y
ticker,BANF,BANF,^GSPC,,Financials,Regional Banks,US,Mid/Small,S&P1000,Y
ticker,BANR,BANR,^GSPC,,Financials,Regional Banks,US,Mid/Small,S&P1000,Y
ticker,BBT,BBT,^GSPC,,Financials,Regional Banks,US,Mid/Small,S&P1000,Y
ticker,BCC,BCC,^GSPC,,Industrials,Building Products,US,Mid/Small,S&P1000,Y
ticker,BCPC,BCPC,^GSPC,,Materials,Specialty Chemicals,US,Mid/Small,S&P1000,Y
ticker,BFH,BFH,^GSPC,,Financials,Consumer Finance,US,Mid/Small,S&P1000,Y
ticker,BFS,BFS,^GSPC,,Real Estate,Retail REITs,US,Mid/Small,S&P1000,Y
ticker,BGC,BGC,^GSPC,,Financials,Investment Banking & Brokerage,US,Mid/Small,S&P1000,Y
ticker,BHE,BHE,^GSPC,,Information Technology,Electronic Manufacturing Services,US,Mid/Small,S&P1000,Y
ticker,BJRI,BJRI,^GSPC,,Consumer Discretionary,Restaurants,US,Mid/Small,S&P1000,Y
ticker,BKE,BKE,^GSPC,,Consumer Discretionary,Apparel Retail,US,Mid/Small,S&P1000,Y
ticker,BKU,BKU,^GSPC,,Financials,Regional Banks,US,Mid/Small,S&P1000,Y
ticker,BL,BL,^GSPC,,Information Technology,Application Software,US,Mid/Small,S&P1000,Y
ticker,BLFS,BLFS,^GSPC,,Health Care,Health Care Supplies,US,Mid/Small,S&P1000,Y
ticker,BLMN,BLMN,^GSPC,,,,US,Mid/Small,S&P1000,Y
ticker,BMI,BMI,^GSPC,,Information Technology,Electronic Equipment & Instruments,US,Mid/Small,S&P1000,Y
ticker,BOH,BOH,^GSPC,,Financials,Regional Banks,US,Mid/Small,S&P1000,Y
ticker,BOOT,BOOT,^GSPC,,Consumer Discretionary,Apparel Retail,US,Mid/Small,S&P1000,Y
ticker,BOX,BOX,^GSPC,,Information Technology,Application Software,US,Mid/Small,S&P1000,Y
ticker,BRC,BRC,^GSPC,,Industrials,Commercial Printing,US,Mid/Small,S&P1000,Y
ticker,BTSG,BTSG,^GSPC,,Health Care,Health Care Services,US,Mid/Small,S&P1000,Y
ticker,BTU,BTU,^GSPC,,Energy,Coal & Consumable Fuels,US,Mid/Small,S&P1000,Y
ticker,BXMT,BXMT,^GSPC,,Financials,Mortgage REITs,US,Mid/Small,S&P1000,Y
ticker,CABO,CABO,^GSPC,,Communication Services,Cable & Satellite,US,Mid/Small,S&P1000,Y
ticker,CAKE,CAKE,^GSPC,,Consumer Discretionary,Restaurants,US,Mid/Small,S&P1000,Y
ticker,CALM,CALM,^GSPC,,Consumer Staples,Packaged Foods & Meats,US,Mid/Small,S&P1000,Y
ticker,CALX,CALX,^GSPC,,Information Technology,Application Software,US,Mid/Small,S&P1000,Y
ticker,CARG,CARG,^GSPC,,Communication Services,Interactive Media & Services,US,Mid/Small,S&P1000,Y
ticker,CARS,CARS,^GSPC,,,,US,Mid/Small,S&P1000,Y
ticker,CASH,CASH,^GSPC,,Financials,Regional Banks,US,Mid/Small,S&P1000,Y
ticker,CATY,CATY,^GSPC,,Financials,Regional Banks,US,Mid/Small,S&P1000,Y
ticker,CBRL,CBRL,^GSPC,,Consumer Discretionary,Restaurants,US,Mid/Small,S&P1000,Y
ticker,CC,CC,^GSPC,,Materials,Diversified Chemicals,US,Mid/Small,S&P1000,Y
ticker,CCOI,CCOI,^GSPC,,Communication Services,Alternative Carriers,US,Mid/Small,S&P1000,Y
ticker,CCS,CCS,^GSPC,,Consumer Discretionary,Homebuilding,US,Mid/Small,S&P1000,Y
ticker,CE,CE,^GSPC,,Materials,Specialty Chemicals,US,Mid/Small,S&P1000,Y
ticker,CENT,CENT,^GSPC,,Consumer Staples,Household Products,US,Mid/Small,S&P1000,Y
ticker,CENTA,CENTA,^GSPC,,Consumer Staples,Household Products,US,Mid/Small,S&P1000,Y
ticker,CENX,CENX,^GSPC,,Materials,Aluminum,US,Mid/Small,S&P1000,Y
ticker,CERT,CERT,^GSPC,,Health Care,Health Care Technology,US,Mid/Small,S&P1000,Y
ticker,CFFN,CFFN,^GSPC,,Financials,Regional Banks,US,Mid/Small,S&P1000,Y
ticker,CHCO,CHCO,^GSPC,,Financials,Regional Banks,US,Mid/Small,S&P1000,Y
ticker,CHEF,CHEF,^GSPC,,Consumer Staples,Food Distributors,US,Mid/Small,S&P1000,Y
ticker,CLB,CLB,^GSPC,,Energy,Oil & Gas Equipment & Services,US,Mid/Small,S&P1000,Y
ticker,CLSK,CLSK,^GSPC,,Information Technology,Internet Services & Infrastructure,US,Mid/Small,S&P1000,Y
ticker,CNK,CNK,^GSPC,,Communication Services,Movies & Entertainment,US,Mid/Small,S&P1000,Y
ticker,CNMD,CNMD,^GSPC,,Health Care,Health Care Equipment,US,Mid/Small,S&P1000,Y
ticker,CNR,CNR,^GSPC,,Energy,Coal & Consumable Fuels,US,Mid/Small,S&P1000,Y
ticker,CNS,CNS,^GSPC,,Financials,Asset Management & Custody Banks,US,Mid/Small,S&P1000,Y
ticker,CNXN,CNXN,^GSPC,,Information Technology,Technology Distributors,US,Mid/Small,S&P1000,Y
ticker,COHU,COHU,^GSPC,,Information Technology,Semiconductor Materials & Equipment,US,Mid/Small,S&P1000,Y
ticker,COLL,COLL,^GSPC,,Health Care,Pharmaceuticals,US,Mid/Small,S&P1000,Y
ticker,CON,CON,^GSPC,,Health Care,Health Care Services,US,Mid/Small,S&P1000,Y
ticker,CORT,CORT,^GSPC,,Health Care,Pharmaceuticals,US,Mid/Small,S&P1000,Y
ticker,CPF,CPF,^GSPC,,Financials,Regional Banks,US,Mid/Small,S&P1000,Y
ticker,CPK,CPK,^GSPC,,Utilities,Gas Utilities,US,Mid/Small,S&P1000,Y
ticker,CPRX,CPRX,^GSPC,,Health Care,Biotechnology,US,Mid/Small,S&P1000,Y
ticker,CRC,CRC,^GSPC,,Energy,Oil & Gas Exploration & Production,US,Mid/Small,S&P1000,Y
ticker,CRGY,CRGY,^GSPC,,Energy,Oil & Gas Exploration & Production,US,Mid/Small,S&P1000,Y
ticker,CRI,CRI,^GSPC,,Consumer Discretionary,"Apparel, Accessories & Luxury Goods",US,Mid/Small,S&P1000,Y
ticker,CRK,CRK,^GSPC,,Energy,Oil & Gas Exploration & Production,US,Mid/Small,S&P1000,Y
ticker,CRSR,CRSR,^GSPC,,Information Technology,"Technology Hardware, Storage & Peripherals",US,Mid/Small,S&P1000,Y
ticker,CRVL,CRVL,^GSPC,,Health Care,Health Care Services,US,Mid/Small,S&P1000,Y
ticker,CSGS,CSGS,^GSPC,,,,US,Mid/Small,S&P1000,Y
ticker,CSR,CSR,^GSPC,,Real Estate,Multi-Family Residential REITs,US,Mid/Small,S&P1000,Y
ticker,CSW,CSW,^GSPC,,Industrials,Industrial Conglomerates,US,Mid/Small,S&P1000,Y
ticker,CTKB,CTKB,^GSPC,,Health Care,Health Care Equipment,US,Mid/Small,S&P1000,Y
ticker,CTRE,CTRE,^GSPC,,Real Estate,Health Care REITs,US,Mid/Small,S&P1000,Y
ticker,CTS,CTS,^GSPC,,Information Technology,Electronic Manufacturing Services,US,Mid/Small,S&P1000,Y
ticker,CUBI,CUBI,^GSPC,,Financials,Regional Banks,US,Mid/Small,S&P1000,Y
ticker,CURB,CURB,^GSPC,,Real Estate,Retail REITs,US,Mid/Small,S&P1000,Y
ticker,CVBF,CVBF,^GSPC,,Financials,Regional Banks,US,Mid/Small,S&P1000,Y
ticker,CVCO,CVCO,^GSPC,,Consumer Discretionary,Homebuilding,US,Mid/Small,S&P1000,Y
ticker,CVI,CVI,^GSPC,,Energy,Oil & Gas Refining & Marketing,US,Mid/Small,S&P1000,Y
ticker,CWEN,CWEN,^GSPC,,Utilities,Renewable Electricity,US,Mid/Small,S&P1000,Y
ticker,CWEN-A,CWEN-A,^GSPC,,Utilities,Renewable Electricity,US,Mid/Small,S&P1000,Y
ticker,CWK,CWK,^GSPC,,Real Estate,Real Estate Services,US,Mid/Small,S&P1000,Y
ticker,CWST,CWST,^GSPC,,Industrials,Environmental & Facilities Services,US,Mid/Small,S&P1000,Y
ticker,CWT,CWT,^GSPC,,Utilities,Water Utilities,US,Mid/Small,S&P1000,Y
ticker,CXM,CXM,^GSPC,,Information Technology,Application Software,US,Mid/Small,S&P1000,Y
ticker,CXW,CXW,^GSPC,,Industrials,Diversified Support Services,US,Mid/Small,S&P1000,Y
ticker,CZR,CZR,^GSPC,,Consumer Discretionary,Casinos & Gaming,US,Mid/Small,S&P1000,Y
ticker,DAN,DAN,^GSPC,,Consumer Discretionary,Automotive Parts & Equipment,US,Mid/Small,S&P1000,Y
ticker,DCOM,DCOM,^GSPC,,Financials,Regional Banks,US,Mid/Small,S&P1000,Y
ticker,DEA,DEA,^GSPC,,Real Estate,Office REITs,US,Mid/Small,S&P1000,Y
ticker,DEI,DEI,^GSPC,,Real Estate,Office REITs,US,Mid/Small,S&P1000,Y
ticker,DFH,DFH,^GSPC,,Consumer Discretionary,Homebuilding,US,Mid/Small,S&P1000,Y
ticker,DFIN,DFIN,^GSPC,,Financials,Financial Exchanges & Data,US,Mid/Small,S&P1000,Y
ticker,DGII,DGII,^GSPC,,Information Technology,Communications Equipment,US,Mid/Small,S&P1000,Y
ticker,DIOD,DIOD,^GSPC,,Information Technology,Semiconductors,US,Mid/Small,S&P1000,Y
ticker,DLX,DLX,^GSPC,,Industrials,Commercial Printing,US,Mid/Small,S&P1000,Y
ticker,DNOW,DNOW,^GSPC,,Industrials,Trading Companies & Distributors,US,Mid/Small,S&P1000,Y
ticker,DORM,DORM,^GSPC,,Consumer Discretionary,Automotive Parts & Equipment,US,Mid/Small,S&P1000,Y
ticker,DRH,DRH,^GSPC,,Real Estate,Hotel & Resort REITs,US,Mid/Small,S&P1000,Y
ticker,DV,DV,^GSPC,,Communication Services,Advertising,US,Mid/Small,S&P1000,Y
ticker,DVAX,DVAX,^GSPC,,,,US,Mid/Small,S&P1000,Y
ticker,DXC,DXC,^GSPC,,Information Technology,IT Consulting & Other Services,US,Mid/Small,S&P1000,Y
ticker,DXPE,DXPE,^GSPC,,Industrials,Trading Companies & Distributors,US,Mid/Small,S&P1000,Y
ticker,EAT,EAT,^GSPC,,Consumer Discretionary,Restaurants,US,Mid/Small,S&P1000,Y
ticker,ECG,ECG,^GSPC,,Industrials,Construction & Engineering,US,Mid/Small,S&P1000,Y
ticker,ECPG,ECPG,^GSPC,,Financials,Consumer Finance,US,Mid/Small,S&P1000,Y
ticker,EFC,EFC,^GSPC,,Financials,Specialized Finance,US,Mid/Small,S&P1000,Y
ticker,EGBN,EGBN,^GSPC,,Financials,Regional Banks,US,Mid/Small,S&P1000,Y
ticker,EIG,EIG,^GSPC,,Financials,Property & Casualty Insurance,US,Mid/Small,S&P1000,Y
ticker,ELME,ELME,^GSPC,,,,US,Mid/Small,S&P1000,Y
ticker,EMBC,EMBC,^GSPC,,Health Care,Health Care Equipment,US,Mid/Small,S&P1000,Y
ticker,EMN,EMN,^GSPC,,Materials,Specialty Chemicals,US,Mid/Small,S&P1000,Y
ticker,ENOV,ENOV,^GSPC,,Health Care,Health Care Equipment,US,Mid/Small,S&P1000,Y
ticker,ENPH,ENPH,^GSPC,,Information Technology,Semiconductor Materials & Equipment,US,Mid/Small,S&P1000,Y
ticker,ENR,ENR,^GSPC,,Consumer Staples,Household Products,US,Mid/Small,S&P1000,Y
ticker,ENVA,ENVA,^GSPC,,Financials,Consumer Finance,US,Mid/Small,S&P1000,Y
ticker,EPAC,EPAC,^GSPC,,Industrials,Industrial Machinery & Supplies & Components,US,Mid/Small,S&P1000,Y
ticker,EPC,EPC,^GSPC,,Consumer Staples,Household Products,US,Mid/Small,S&P1000,Y
ticker,EPRT,EPRT,^GSPC,,Real Estate,Diversified REITs,US,Mid/Small,S&P1000,Y
ticker,ESE,ESE,^GSPC,,Industrials,Industrial Machinery & Supplies & Components,US,Mid/Small,S&P1000,Y
ticker,ESI,ESI,^GSPC,,Materials,Specialty Chemicals,US,Mid/Small,S&P1000,Y
ticker,ETD,ETD,^GSPC,,Consumer Discretionary,Home Furnishings,US,Mid/Small,S&P1000,Y
ticker,EVTC,EVTC,^GSPC,,Financials,Transaction & Payment Processing Services,US,Mid/Small,S&P1000,Y
ticker,EXTR,EXTR,^GSPC,,Information Technology,Communications Equipment,US,Mid/Small,S&P1000,Y
ticker,EYE,EYE,^GSPC,,Consumer Discretionary,Specialty Stores,US,Mid/Small,S&P1000,Y
ticker,EZPW,EZPW,^GSPC,,Financials,Consumer Finance,US,Mid/Small,S&P1000,Y
ticker,FBK,FBK,^GSPC,,Financials,Regional Banks,US,Mid/Small,S&P1000,Y
ticker,FBNC,FBNC,^GSPC,,Financials,Regional Banks,US,Mid/Small,S&P1000,Y
ticker,FBP,FBP,^GSPC,,Financials,Regional Banks,US,Mid/Small,S&P1000,Y
ticker,FBRT,FBRT,^GSPC,,Real Estate,Mortgage REITs,US,Mid/Small,S&P1000,Y
ticker,FCF,FCF,^GSPC,,Financials,Regional Banks,US,Mid/Small,S&P1000,Y
ticker,FCPT,FCPT,^GSPC,,Real Estate,Other Specialized REITs,US,Mid/Small,S&P1000,Y
ticker,FDP,FDP,^GSPC,,Consumer Staples,Packaged Foods & Meats,US,Mid/Small,S&P1000,Y
ticker,FELE,FELE,^GSPC,,Industrials,Industrial Machinery & Supplies & Components,US,Mid/Small,S&P1000,Y
ticker,FFBC,FFBC,^GSPC,,Financials,Regional Banks,US,Mid/Small,S&P1000,Y
ticker,FHB,FHB,^GSPC,,Financials,Regional Banks,US,Mid/Small,S&P1000,Y
ticker,FIBK,FIBK,^GSPC,,Financials,Regional Banks,US,Mid/Small,S&P1000,Y
ticker,FIZZ,FIZZ,^GSPC,,Consumer Staples,Soft Drinks & Non-alcoholic Beverages,US,Mid/Small,S&P1000,Y
ticker,FMC,FMC,^GSPC,,Materials,Fertilizers & Agricultural Chemicals,US,Mid/Small,S&P1000,Y
ticker,FORM,FORM,^GSPC,,Information Technology,Semiconductor Materials & Equipment,US,Mid/Small,S&P1000,Y
ticker,FOXF,FOXF,^GSPC,,Consumer Discretionary,Automotive Parts & Equipment,US,Mid/Small,S&P1000,Y
ticker,FRPT,FRPT,^GSPC,,Consumer Staples,Packaged Foods & Meats,US,Mid/Small,S&P1000,Y
ticker,FSS,FSS,^GSPC,,Industrials,Construction Machinery & Heavy Transportation Equipment,US,Mid/Small,S&P1000,Y
ticker,FTDR,FTDR,^GSPC,,Consumer Discretionary,Specialized Consumer Services,US,Mid/Small,S&P1000,Y
ticker,FTRE,FTRE,^GSPC,,Health Care,Biotechnology,US,Mid/Small,S&P1000,Y
ticker,FUL,FUL,^GSPC,,Materials,Specialty Chemicals,US,Mid/Small,S&P1000,Y
ticker,FULT,FULT,^GSPC,,Financials,Regional Banks,US,Mid/Small,S&P1000,Y
ticker,FUN,FUN,^GSPC,,Consumer Discretionary,Leisure Facilities,US,Mid/Small,S&P1000,Y
ticker,FWRD,FWRD,^GSPC,,Industrials,Air Freight & Logistics,US,Mid/Small,S&P1000,Y
ticker,GBX,GBX,^GSPC,,Industrials,Construction Machinery & Heavy Transportation Equipment,US,Mid/Small,S&P1000,Y
ticker,GDEN,GDEN,^GSPC,,,,US,Mid/Small,S&P1000,Y
ticker,GDYN,GDYN,^GSPC,,Information Technology,IT Consulting & Other Services,US,Mid/Small,S&P1000,Y
ticker,GEO,GEO,^GSPC,,Industrials,Environmental & Facilities Services,US,Mid/Small,S&P1000,Y
ticker,GFF,GFF,^GSPC,,Industrials,Building Products,US,Mid/Small,S&P1000,Y
ticker,GIII,GIII,^GSPC,,Consumer Discretionary,"Apparel, Accessories & Luxury Goods",US,Mid/Small,S&P1000,Y
ticker,GKOS,GKOS,^GSPC,,Health Care,Health Care Equipment,US,Mid/Small,S&P1000,Y
ticker,GNL,GNL,^GSPC,,Real Estate,Diversified REITs,US,Mid/Small,S&P1000,Y
ticker,GNW,GNW,^GSPC,,Financials,Multi-line Insurance,US,Mid/Small,S&P1000,Y
ticker,GO,GO,^GSPC,,Consumer Staples,Food Retail,US,Mid/Small,S&P1000,Y
ticker,GOGO,GOGO,^GSPC,,Communication Services,Wireless Telecommunication Services,US,Mid/Small,S&P1000,Y
ticker,GOLF,GOLF,^GSPC,,Consumer Discretionary,Leisure Products,US,Mid/Small,S&P1000,Y
ticker,GPI,GPI,^GSPC,,Consumer Discretionary,Automotive Retail,US,Mid/Small,S&P1000,Y
ticker,GRBK,GRBK,^GSPC,,Consumer Discretionary,Homebuilding,US,Mid/Small,S&P1000,Y
ticker,GSHD,GSHD,^GSPC,,Financials,Insurance Brokers,US,Mid/Small,S&P1000,Y
ticker,GTES,GTES,^GSPC,,Industrials,Industrial Machinery & Supplies & Components,US,Mid/Small,S&P1000,Y
ticker,GTY,GTY,^GSPC,,Real Estate,Retail REITs,US,Mid/Small,S&P1000,Y
ticker,GVA,GVA,^GSPC,,Industrials,Construction & Engineering,US,Mid/Small,S&P1000,Y
ticker,HAFC,HAFC,^GSPC,,Financials,Regional Banks,US,Mid/Small,S&P1000,Y
ticker,HASI,HASI,^GSPC,,Financials,Specialized Finance,US,Mid/Small,S&P1000,Y
ticker,HAYW,HAYW,^GSPC,,Industrials,Electrical Components & Equipment,US,Mid/Small,S&P1000,Y
ticker,HCC,HCC,^GSPC,,Materials,Steel,US,Mid/Small,S&P1000,Y
ticker,HCI,HCI,^GSPC,,Financials,Property & Casualty Insurance,US,Mid/Small,S&P1000,Y
ticker,HCSG,HCSG,^GSPC,,Industrials,Environmental & Facilities Services,US,Mid/Small,S&P1000,Y
ticker,HE,HE,^GSPC,,Utilities,Electric Utilities,US,Mid/Small,S&P1000,Y
ticker,HFWA,HFWA,^GSPC,,Health Care,Regional Banks,US,Mid/Small,S&P1000,Y
ticker,HI,HI,^GSPC,,,,US,Mid/Small,S&P1000,Y
ticker,HIW,HIW,^GSPC,,Real Estate,Office REITs,US,Mid/Small,S&P1000,Y
ticker,HLIT,HLIT,^GSPC,,Information Technology,Communications Equipment,US,Mid/Small,S&P1000,Y
ticker,HLX,HLX,^GSPC,,Energy,Oil & Gas Equipment & Services,US,Mid/Small,S&P1000,Y
ticker,HMN,HMN,^GSPC,,Financials,Multi-line Insurance,US,Mid/Small,S&P1000,Y
ticker,HNI,HNI,^GSPC,,Industrials,Office Services & Supplies,US,Mid/Small,S&P1000,Y
ticker,HOPE,HOPE,^GSPC,,Financials,Regional Banks,US,Mid/Small,S&P1000,Y
ticker,HP,HP,^GSPC,,Energy,Oil & Gas Drilling,US,Mid/Small,S&P1000,Y
ticker,HRMY,HRMY,^GSPC,,Health Care,Biotechnology,US,Mid/Small,S&P1000,Y
ticker,HSTM,HSTM,^GSPC,,Health Care,Health Care Technology,US,Mid/Small,S&P1000,Y
ticker,HTH,HTH,^GSPC,,Financials,Regional Banks,US,Mid/Small,S&P1000,Y
ticker,HTLD,HTLD,^GSPC,,Industrials,Cargo Ground Transportation,US,Mid/Small,S&P1000,Y
ticker,HTO,HTO,^GSPC,,Utilities,Water Utilities,US,Mid/Small,S&P1000,Y
ticker,HTZ,HTZ,^GSPC,,Industrials,Passenger Ground Transportation,US,Mid/Small,S&P1000,Y
ticker,HUBG,HUBG,^GSPC,,Industrials,Air Freight & Logistics,US,Mid/Small,S&P1000,Y
ticker,HWKN,HWKN,^GSPC,,Materials,Commodity Chemicals,US,Mid/Small,S&P1000,Y
ticker,HZO,HZO,^GSPC,,Consumer Discretionary,Specialty Stores,US,Mid/Small,S&P1000,Y
ticker,IAC,IAC,^GSPC,,,,US,Mid/Small,S&P1000,Y
ticker,IART,IART,^GSPC,,Health Care,Health Care Equipment,US,Mid/Small,S&P1000,Y
ticker,IBP,IBP,^GSPC,,Consumer Discretionary,Homebuilding,US,Mid/Small,S&P1000,Y
ticker,ICHR,ICHR,^GSPC,,Information Technology,Semiconductor Materials & Equipment,US,Mid/Small,S&P1000,Y
ticker,ICUI,ICUI,^GSPC,,Health Care,Health Care Supplies,US,Mid/Small,S&P1000,Y
ticker,IDCC,IDCC,^GSPC,,Information Technology,Communications Equipment,US,Mid/Small,S&P1000,Y
ticker,IIIN,IIIN,^GSPC,,Industrials,Building Products,US,Mid/Small,S&P1000,Y
ticker,IIPR,IIPR,^GSPC,,Real Estate,Industrial REITs,US,Mid/Small,S&P1000,Y
ticker,INDB,INDB,^GSPC,,Financials,Regional Banks,US,Mid/Small,S&P1000,Y
ticker,INDV,INDV,^GSPC,,Health Care,Pharmaceuticals,US,Mid/Small,S&P1000,Y
ticker,INN,INN,^GSPC,,,,US,Mid/Small,S&P1000,Y
ticker,INSP,INSP,^GSPC,,Health Care,Health Care Equipment,US,Mid/Small,S&P1000,Y
ticker,INSW,INSW,^GSPC,,Energy,Oil & Gas Storage & Transportation,US,Mid/Small,S&P1000,Y
ticker,INVA,INVA,^GSPC,,Health Care,Pharmaceuticals,US,Mid/Small,S&P1000,Y
ticker,INVX,INVX,^GSPC,,Energy,Oil & Gas Equipment & Services,US,Mid/Small,S&P1000,Y
ticker,IOSP,IOSP,^GSPC,,Materials,Specialty Chemicals,US,Mid/Small,S&P1000,Y
ticker,IPAR,IPAR,^GSPC,,Consumer Staples,Household Products,US,Mid/Small,S&P1000,Y
ticker,IRDM,IRDM,^GSPC,,Communication Services,Alternative Carriers,US,Mid/Small,S&P1000,Y
ticker,ITGR,ITGR,^GSPC,,Health Care,Health Care Equipment,US,Mid/Small,S&P1000,Y
ticker,ITRI,ITRI,^GSPC,,Information Technology,Electronic Equipment & Instruments,US,Mid/Small,S&P1000,Y
ticker,JBGS,JBGS,^GSPC,,Real Estate,Office REITs,US,Mid/Small,S&P1000,Y
ticker,JBLU,JBLU,^GSPC,,Industrials,Passenger Airlines,US,Mid/Small,S&P1000,Y
ticker,JBSS,JBSS,^GSPC,,Consumer Staples,Packaged Foods & Meats,US,Mid/Small,S&P1000,Y
ticker,JBTM,JBTM,^GSPC,,Industrials,Industrial Machinery & Supplies & Components,US,Mid/Small,S&P1000,Y
ticker,JJSF,JJSF,^GSPC,,Consumer Staples,Packaged Foods & Meats,US,Mid/Small,S&P1000,Y
ticker,JOE,JOE,^GSPC,,Real Estate,Real Estate Development,US,Mid/Small,S&P1000,Y
ticker,JXN,JXN,^GSPC,,Financials,Life & Health Insurance,US,Mid/Small,S&P1000,Y
ticker,KAI,KAI,^GSPC,,Industrials,Industrial Machinery & Supplies & Components,US,Mid/Small,S&P1000,Y
ticker,KALU,KALU,^GSPC,,Materials,Aluminum,US,Mid/Small,S&P1000,Y
ticker,KFY,KFY,^GSPC,,Industrials,Human Resource & Employment Services,US,Mid/Small,S&P1000,Y
ticker,KGS,KGS,^GSPC,,Energy,Oil & Gas Equipment & Services,US,Mid/Small,S&P1000,Y
ticker,KLIC,KLIC,^GSPC,,Information Technology,Semiconductor Materials & Equipment,US,Mid/Small,S&P1000,Y
ticker,KMT,KMT,^GSPC,,Industrials,Industrial Machinery & Supplies & Components,US,Mid/Small,S&P1000,Y
ticker,KMX,KMX,^GSPC,,Consumer Discretionary,Automotive Retail,US,Mid/Small,S&P1000,Y
ticker,KN,KN,^GSPC,,Information Technology,Electronic Components,US,Mid/Small,S&P1000,Y
ticker,KNTK,KNTK,^GSPC,,Energy,Oil & Gas Storage & Transportation,US,Mid/Small,S&P1000,Y
ticker,KOP,KOP,^GSPC,,Materials,Commodity Chemicals,US,Mid/Small,S&P1000,Y
ticker,KREF,KREF,^GSPC,,,,US,Mid/Small,S&P1000,Y
ticker,KRYS,KRYS,^GSPC,,Health Care,Biotechnology,US,Mid/Small,S&P1000,Y
ticker,KSS,KSS,^GSPC,,Consumer Discretionary,Broadline Retail,US,Mid/Small,S&P1000,Y
ticker,KTB,KTB,^GSPC,,Consumer Discretionary,"Apparel, Accessories & Luxury Goods",US,Mid/Small,S&P1000,Y
ticker,KW,KW,^GSPC,,Real Estate,Real Estate Services,US,Mid/Small,S&P1000,Y
ticker,KWR,KWR,^GSPC,,Materials,Specialty Chemicals,US,Mid/Small,S&P1000,Y
ticker,LBRT,LBRT,^GSPC,,Energy,Oil & Gas Equipment & Services,US,Mid/Small,S&P1000,Y
ticker,LCII,LCII,^GSPC,,Consumer Discretionary,Automotive Parts & Equipment,US,Mid/Small,S&P1000,Y
ticker,LGIH,LGIH,^GSPC,,Consumer Discretionary,Homebuilding,US,Mid/Small,S&P1000,Y
ticker,LGND,LGND,^GSPC,,Health Care,Biotechnology,US,Mid/Small,S&P1000,Y
ticker,LKFN,LKFN,^GSPC,,Financials,Regional Banks,US,Mid/Small,S&P1000,Y
ticker,LKQ,LKQ,^GSPC,,Consumer Discretionary,Distributors,US,Mid/Small,S&P1000,Y
ticker,LMAT,LMAT,^GSPC,,Health Care,Health Care Equipment,US,Mid/Small,S&P1000,Y
ticker,LNC,LNC,^GSPC,,Financials,Multi-line Insurance,US,Mid/Small,S&P1000,Y
ticker,LNN,LNN,^GSPC,,Materials,Agricultural & Farm Machinery,US,Mid/Small,S&P1000,Y
ticker,LPG,LPG,^GSPC,,Energy,Oil & Gas Storage & Transportation,US,Mid/Small,S&P1000,Y
ticker,LQDT,LQDT,^GSPC,,Industrials,Diversified Support Services,US,Mid/Small,S&P1000,Y
ticker,LRN,LRN,^GSPC,,Consumer Discretionary,Education Services,US,Mid/Small,S&P1000,Y
ticker,LTC,LTC,^GSPC,,Real Estate,Health Care REITs,US,Mid/Small,S&P1000,Y
ticker,LUMN,LUMN,^GSPC,,Communication Services,Alternative Carriers,US,Mid/Small,S&P1000,Y
ticker,LXP,LXP,^GSPC,,Real Estate,Diversified REITs,US,Mid/Small,S&P1000,Y
ticker,LZB,LZB,^GSPC,,Consumer Discretionary,Home Furnishings,US,Mid/Small,S&P1000,Y
ticker,MAC,MAC,^GSPC,,Real Estate,Retail REITs,US,Mid/Small,S&P1000,Y
ticker,MAN,MAN,^GSPC,,Industrials,Human Resource & Employment Services,US,Mid/Small,S&P1000,Y
ticker,MARA,MARA,^GSPC,,Information Technology,Internet Services & Infrastructure,US,Mid/Small,S&P1000,Y
ticker,MATW,MATW,^GSPC,,Consumer Discretionary,Specialized Consumer Services,US,Mid/Small,S&P1000,Y
ticker,MATX,MATX,^GSPC,,Industrials,Marine Transportation,US,Mid/Small,S&P1000,Y
ticker,MBC,MBC,^GSPC,,Industrials,Building Products,US,Mid/Small,S&P1000,Y
ticker,MC,MC,^GSPC,,Financials,Investment Banking & Brokerage,US,Mid/Small,S&P1000,Y
ticker,MCRI,MCRI,^GSPC,,Consumer Discretionary,Casinos & Gaming,US,Mid/Small,S&P1000,Y
ticker,MCW,MCW,^GSPC,,,,US,Mid/Small,S&P1000,Y
ticker,MCY,MCY,^GSPC,,Financials,Property & Casualty Insurance,US,Mid/Small,S&P1000,Y
ticker,MD,MD,^GSPC,,Health Care,Health Care Services,US,Mid/Small,S&P1000,Y
ticker,MDU,MDU,^GSPC,,Utilities,Multi-Utilities,US,Mid/Small,S&P1000,Y
ticker,MGEE,MGEE,^GSPC,,Utilities,Electric Utilities,US,Mid/Small,S&P1000,Y
ticker,MGY,MGY,^GSPC,,Energy,Oil & Gas Exploration & Production,US,Mid/Small,S&P1000,Y
ticker,MHK,MHK,^GSPC,,Consumer Discretionary,Home Furnishings,US,Mid/Small,S&P1000,Y
ticker,MHO,MHO,^GSPC,,Consumer Discretionary,Homebuilding,US,Mid/Small,S&P1000,Y
ticker,MIR,MIR,^GSPC,,Information Technology,Electronic Equipment & Instruments,US,Mid/Small,S&P1000,Y
ticker,MKTX,MKTX,^GSPC,,Financials,Financial Exchanges & Data,US,Mid/Small,S&P1000,Y
ticker,MLKN,MLKN,^GSPC,,Industrials,Office Services & Supplies,US,Mid/Small,S&P1000,Y
ticker,MMI,MMI,^GSPC,,Real Estate,Real Estate Services,US,Mid/Small,S&P1000,Y
ticker,MMSI,MMSI,^GSPC,,Health Care,Health Care Supplies,US,Mid/Small,S&P1000,Y
ticker,MNRO,MNRO,^GSPC,,Consumer Discretionary,Automotive Retail,US,Mid/Small,S&P1000,Y
ticker,MODG,MODG,^GSPC,,,,US,Mid/Small,S&P1000,Y
ticker,MOG-A,MOG-A,^GSPC,,Industrials,Aerospace & Defense,US,Mid/Small,S&P1000,Y
ticker,MPW,MPW,^GSPC,,,,US,Mid/Small,S&P1000,Y
ticker,MRCY,MRCY,^GSPC,,Industrials,Electrical Components & Equipment,US,Mid/Small,S&P1000,Y
ticker,MRP,MRP,^GSPC,,Real Estate,Single-Family Residential REITs,US,Mid/Small,S&P1000,Y
ticker,MRTN,MRTN,^GSPC,,Industrials,Cargo Ground Transportation,US,Mid/Small,S&P1000,Y
ticker,MSEX,MSEX,^GSPC,,Utilities,Water Utilities,US,Mid/Small,S&P1000,Y
ticker,MSGS,MSGS,^GSPC,,Communication Services,Movies & Entertainment,US,Mid/Small,S&P1000,Y
ticker,MTH,MTH,^GSPC,,Consumer Discretionary,Homebuilding,US,Mid/Small,S&P1000,Y
ticker,MTRN,MTRN,^GSPC,,Materials,Diversified Metals & Mining,US,Mid/Small,S&P1000,Y
ticker,MTUS,MTUS,^GSPC,,Materials,Steel,US,Mid/Small,S&P1000,Y
ticker,MTX,MTX,^GSPC,,Materials,Specialty Chemicals,US,Mid/Small,S&P1000,Y
ticker,MWA,MWA,^GSPC,,Industrials,Industrial Machinery & Supplies & Components,US,Mid/Small,S&P1000,Y
ticker,MXL,MXL,^GSPC,,Information Technology,Semiconductors,US,Mid/Small,S&P1000,Y
ticker,MYGN,MYGN,^GSPC,,,,US,Mid/Small,S&P1000,Y
ticker,MYRG,MYRG,^GSPC,,Industrials,Construction & Engineering,US,Mid/Small,S&P1000,Y
ticker,NABL,NABL,^GSPC,,Information Technology,Systems Software,US,Mid/Small,S&P1000,Y
ticker,NATL,NATL,^GSPC,,Financials,Transaction & Payment Processing Services,US,Mid/Small,S&P1000,Y
ticker,NAVI,NAVI,^GSPC,,Financials,Consumer Finance,US,Mid/Small,S&P1000,Y
ticker,NBHC,NBHC,^GSPC,,Financials,Regional Banks,US,Mid/Small,S&P1000,Y
ticker,NBTB,NBTB,^GSPC,,Financials,Regional Banks,US,Mid/Small,S&P1000,Y
ticker,NE,NE,^GSPC,,Energy,Oil & Gas Drilling,US,Mid/Small,S&P1000,Y
ticker,NEO,NEO,^GSPC,,Health Care,Health Care Services,US,Mid/Small,S&P1000,Y
ticker,NEOG,NEOG,^GSPC,,Health Care,Health Care Supplies,US,Mid/Small,S&P1000,Y
ticker,NGVT,NGVT,^GSPC,,Materials,Specialty Chemicals,US,Mid/Small,S&P1000,Y
ticker,NHC,NHC,^GSPC,,Health Care,Health Care Facilities,US,Mid/Small,S&P1000,Y
ticker,NMIH,NMIH,^GSPC,,Financials,Commercial & Residential Mortgage Finance,US,Mid/Small,S&P1000,Y
ticker,NOG,NOG,^GSPC,,Energy,Oil & Gas Exploration & Production,US,Mid/Small,S&P1000,Y
ticker,NPK,NPK,^GSPC,,Industrials,Aerospace & Defense,US,Mid/Small,S&P1000,Y
ticker,NPO,NPO,^GSPC,,Industrials,Industrial Machinery & Supplies & Components,US,Mid/Small,S&P1000,Y
ticker,NSIT,NSIT,^GSPC,,Industrials,Technology Distributors,US,Mid/Small,S&P1000,Y
ticker,NSP,NSP,^GSPC,,Industrials,Human Resource & Employment Services,US,Mid/Small,S&P1000,Y
ticker,NTCT,NTCT,^GSPC,,Information Technology,Communications Equipment,US,Mid/Small,S&P1000,Y
ticker,NVRI,NVRI,^GSPC,,,,US,Mid/Small,S&P1000,Y
ticker,NWBI,NWBI,^GSPC,,Financials,Regional Banks,US,Mid/Small,S&P1000,Y
ticker,NWN,NWN,^GSPC,,Utilities,Gas Utilities,US,Mid/Small,S&P1000,Y
ticker,NX,NX,^GSPC,,Industrials,Building Products,US,Mid/Small,S&P1000,Y
ticker,NXRT,NXRT,^GSPC,,Real Estate,Multi-Family Residential REITs,US,Mid/Small,S&P1000,Y
ticker,OFG,OFG,^GSPC,,Financials,Regional Banks,US,Mid/Small,S&P1000,Y
ticker,OGN,OGN,^GSPC,,Health Care,Pharmaceuticals,US,Mid/Small,S&P1000,Y
ticker,OI,OI,^GSPC,,Materials,"Metal, Glass & Plastic Containers",US,Mid/Small,S&P1000,Y
ticker,OII,OII,^GSPC,,Energy,Oil & Gas Equipment & Services,US,Mid/Small,S&P1000,Y
ticker,OMCL,OMCL,^GSPC,,Health Care,Health Care Technology,US,Mid/Small,S&P1000,Y
ticker,OPLN,OPLN,^GSPC,,Industrials,Diversified Support Services,US,Mid/Small,S&P1000,Y
ticker,OSIS,OSIS,^GSPC,,Information Technology,Electronic Equipment & Instruments,US,Mid/Small,S&P1000,Y
ticker,OTTR,OTTR,^GSPC,,Utilities,Electric Utilities,US,Mid/Small,S&P1000,Y
ticker,OUT,OUT,^GSPC,,Real Estate,Other Specialized REITs,US,Mid/Small,S&P1000,Y
ticker,OXM,OXM,^GSPC,,Consumer Discretionary,"Apparel, Accessories & Luxury Goods",US,Mid/Small,S&P1000,Y
ticker,PAHC,PAHC,^GSPC,,Health Care,Pharmaceuticals,US,Mid/Small,S&P1000,Y
ticker,PARR,PARR,^GSPC,,Energy,Oil & Gas Refining & Marketing,US,Mid/Small,S&P1000,Y
ticker,PATK,PATK,^GSPC,,Consumer Discretionary,Automotive Parts & Equipment,US,Mid/Small,S&P1000,Y
ticker,PAYO,PAYO,^GSPC,,Financials,Transaction & Payment Processing Services,US,Mid/Small,S&P1000,Y
ticker,PBH,PBH,^GSPC,,Health Care,Pharmaceuticals,US,Mid/Small,S&P1000,Y
ticker,PBI,PBI,^GSPC,,Industrials,Office Services & Supplies,US,Mid/Small,S&P1000,Y
ticker,PCRX,PCRX,^GSPC,,Health Care,Pharmaceuticals,US,Mid/Small,S&P1000,Y
ticker,PDFS,PDFS,^GSPC,,Information Technology,Semiconductor Materials & Equipment,US,Mid/Small,S&P1000,Y
ticker,PEB,PEB,^GSPC,,Real Estate,Hotel & Resort REITs,US,Mid/Small,S&P1000,Y
ticker,PECO,PECO,^GSPC,,Real Estate,Retail REITs,US,Mid/Small,S&P1000,Y
ticker,PENG,PENG,^GSPC,,Information Technology,Semiconductors,US,Mid/Small,S&P1000,Y
ticker,PENN,PENN,^GSPC,,Consumer Discretionary,Casinos & Gaming,US,Mid/Small,S&P1000,Y
ticker,PFBC,PFBC,^GSPC,,Financials,Regional Banks,US,Mid/Small,S&P1000,Y
ticker,PFS,PFS,^GSPC,,Financials,Regional Banks,US,Mid/Small,S&P1000,Y
ticker,PGNY,PGNY,^GSPC,,Health Care,Health Care Services,US,Mid/Small,S&P1000,Y
ticker,PHIN,PHIN,^GSPC,,Consumer Discretionary,Automotive Retail,US,Mid/Small,S&P1000,Y
ticker,PI,PI,^GSPC,,Information Technology,Electronic Equipment & Instruments,US,Mid/Small,S&P1000,Y
ticker,PIPR,PIPR,^GSPC,,Financials,Investment Banking & Brokerage,US,Mid/Small,S&P1000,Y
ticker,PJT,PJT,^GSPC,,Financials,Investment Banking & Brokerage,US,Mid/Small,S&P1000,Y
ticker,PLAB,PLAB,^GSPC,,Information Technology,Semiconductor Materials & Equipment,US,Mid/Small,S&P1000,Y
ticker,PLAY,PLAY,^GSPC,,,,US,Mid/Small,S&P1000,Y
ticker,PLMR,PLMR,^GSPC,,Financials,Property & Casualty Insurance,US,Mid/Small,S&P1000,Y
ticker,PLUS,PLUS,^GSPC,,Information Technology,Technology Distributors,US,Mid/Small,S&P1000,Y
ticker,PLXS,PLXS,^GSPC,,Information Technology,Electronic Manufacturing Services,US,Mid/Small,S&P1000,Y
ticker,PMT,PMT,^GSPC,,Real Estate,Mortgage REITs,US,Mid/Small,S&P1000,Y
ticker,POWI,POWI,^GSPC,,Information Technology,Semiconductors,US,Mid/Small,S&P1000,Y
ticker,POWL,POWL,^GSPC,,Industrials,Electrical Components & Equipment,US,Mid/Small,S&P1000,Y
ticker,PRA,PRA,^GSPC,,Financials,Property & Casualty Insurance,US,Mid/Small,S&P1000,Y
ticker,PRAA,PRAA,^GSPC,,Financials,Consumer Finance,US,Mid/Small,S&P1000,Y
ticker,PRDO,PRDO,^GSPC,,Consumer Discretionary,Education Services,US,Mid/Small,S&P1000,Y
ticker,PRG,PRG,^GSPC,,Financials,Consumer Finance,US,Mid/Small,S&P1000,Y
ticker,PRGO,PRGO,^GSPC,,Health Care,Pharmaceuticals,US,Mid/Small,S&P1000,Y
ticker,PRGS,PRGS,^GSPC,,Information Technology,Systems Software,US,Mid/Small,S&P1000,Y
ticker,PRIM,PRIM,^GSPC,,Industrials,Construction & Engineering,US,Mid/Small,S&P1000,Y
ticker,PRK,PRK,^GSPC,,Financials,Regional Banks,US,Mid/Small,S&P1000,Y
ticker,PRKS,PRKS,^GSPC,,Consumer Discretionary,Leisure Facilities,US,Mid/Small,S&P1000,Y
ticker,PRLB,PRLB,^GSPC,,Industrials,Industrial Machinery & Supplies & Components,US,Mid/Small,S&P1000,Y
ticker,PRSU,PRSU,^GSPC,,Consumer Discretionary,"Hotels, Resorts & Cruise Lines",US,Mid/Small,S&P1000,Y
ticker,PRVA,PRVA,^GSPC,,Health Care,Health Care Services,US,Mid/Small,S&P1000,Y
ticker,PSMT,PSMT,^GSPC,,Consumer Staples,Consumer Staples Merchandise Retail,US,Mid/Small,S&P1000,Y
ticker,PTCT,PTCT,^GSPC,,Health Care,Pharmaceuticals,US,Mid/Small,S&P1000,Y
ticker,PTEN,PTEN,^GSPC,,Energy,Oil & Gas Drilling,US,Mid/Small,S&P1000,Y
ticker,PTGX,PTGX,^GSPC,,Health Care,Biotechnology,US,Mid/Small,S&P1000,Y
ticker,PZZA,PZZA,^GSPC,,Consumer Discretionary,Restaurants,US,Mid/Small,S&P1000,Y
ticker,QDEL,QDEL,^GSPC,,Health Care,Health Care Supplies,US,Mid/Small,S&P1000,Y
ticker,QNST,QNST,^GSPC,,Communication Services,Interactive Media & Services,US,Mid/Small,S&P1000,Y
ticker,QTWO,QTWO,^GSPC,,Information Technology,Application Software,US,Mid/Small,S&P1000,Y
ticker,RAL,RAL,^GSPC,,Information Technology,Electronic Equipment & Instruments,US,Mid/Small,S&P1000,Y
ticker,RAMP,RAMP,^GSPC,,Information Technology,Application Software,US,Mid/Small,S&P1000,Y
ticker,RCUS,RCUS,^GSPC,,Health Care,Biotechnology,US,Mid/Small,S&P1000,Y
ticker,RDN,RDN,^GSPC,,Financials,Property & Casualty Insurance,US,Mid/Small,S&P1000,Y
ticker,RDNT,RDNT,^GSPC,,Health Care,Health Care Services,US,Mid/Small,S&P1000,Y
ticker,RES,RES,^GSPC,,Energy,Oil & Gas Equipment & Services,US,Mid/Small,S&P1000,Y
ticker,REX,REX,^GSPC,,Energy,Oil & Gas Refining & Marketing,US,Mid/Small,S&P1000,Y
ticker,REYN,REYN,^GSPC,,Consumer Staples,Household Products,US,Mid/Small,S&P1000,Y
ticker,REZI,REZI,^GSPC,,Industrials,Trading Companies & Distributors,US,Mid/Small,S&P1000,Y
ticker,RHI,RHI,^GSPC,,Industrials,Human Resource & Employment Services,US,Mid/Small,S&P1000,Y
ticker,RHP,RHP,^GSPC,,Real Estate,Hotel & Resort REITs,US,Mid/Small,S&P1000,Y
ticker,RNST,RNST,^GSPC,,Financials,Regional Banks,US,Mid/Small,S&P1000,Y
ticker,ROCK,ROCK,^GSPC,,Industrials,Building Products,US,Mid/Small,S&P1000,Y
ticker,ROG,ROG,^GSPC,,Information Technology,Electronic Components,US,Mid/Small,S&P1000,Y
ticker,RRR,RRR,^GSPC,,Consumer Discretionary,Casinos & Gaming,US,Mid/Small,S&P1000,Y
ticker,RUN,RUN,^GSPC,,Industrials,Building Products,US,Mid/Small,S&P1000,Y
ticker,RUSHA,RUSHA,^GSPC,,Industrials,Construction Machinery & Heavy Transportation Equipment,US,Mid/Small,S&P1000,Y
ticker,RWT,RWT,^GSPC,,Real Estate,Mortgage REITs,US,Mid/Small,S&P1000,Y
ticker,RXO,RXO,^GSPC,,Industrials,Cargo Ground Transportation,US,Mid/Small,S&P1000,Y
ticker,SABR,SABR,^GSPC,,Consumer Discretionary,"Hotels, Resorts & Cruise Lines",US,Mid/Small,S&P1000,Y
ticker,SAFE,SAFE,^GSPC,,Real Estate,Other Specialized REITs,US,Mid/Small,S&P1000,Y
ticker,SAFT,SAFT,^GSPC,,Financials,Property & Casualty Insurance,US,Mid/Small,S&P1000,Y
ticker,SAH,SAH,^GSPC,,Consumer Discretionary,Automotive Retail,US,Mid/Small,S&P1000,Y
ticker,SANM,SANM,^GSPC,,Information Technology,Electronic Manufacturing Services,US,Mid/Small,S&P1000,Y
ticker,SBCF,SBCF,^GSPC,,Financials,Regional Banks,US,Mid/Small,S&P1000,Y
ticker,SBH,SBH,^GSPC,,Consumer Discretionary,Specialty Stores,US,Mid/Small,S&P1000,Y
ticker,SBSI,SBSI,^GSPC,,Financials,Regional Banks,US,Mid/Small,S&P1000,Y
ticker,SCHL,SCHL,^GSPC,,Consumer Discretionary,Publishing,US,Mid/Small,S&P1000,Y
ticker,SCL,SCL,^GSPC,,Materials,Specialty Chemicals,US,Mid/Small,S&P1000,Y
ticker,SCSC,SCSC,^GSPC,,Information Technology,Technology Distributors,US,Mid/Small,S&P1000,Y
ticker,SDGR,SDGR,^GSPC,,Health Care,Health Care Services,US,Mid/Small,S&P1000,Y
ticker,SEDG,SEDG,^GSPC,,Information Technology,Semiconductor Materials & Equipment,US,Mid/Small,S&P1000,Y
ticker,SEE,SEE,^GSPC,,,,US,Mid/Small,S&P1000,Y
ticker,SEM,SEM,^GSPC,,Health Care,Health Care Facilities,US,Mid/Small,S&P1000,Y
ticker,SEZL,SEZL,^GSPC,,Financials,Transaction & Payment Processing Services,US,Mid/Small,S&P1000,Y
ticker,SFBS,SFBS,^GSPC,,Financials,Regional Banks,US,Mid/Small,S&P1000,Y
ticker,SFNC,SFNC,^GSPC,,Financials,Regional Banks,US,Mid/Small,S&P1000,Y
ticker,SHAK,SHAK,^GSPC,,Consumer Discretionary,Restaurants,US,Mid/Small,S&P1000,Y
ticker,SHEN,SHEN,^GSPC,,Communication Services,Wireless Telecommunication Services,US,Mid/Small,S&P1000,Y
ticker,SHO,SHO,^GSPC,,Real Estate,Hotel & Resort REITs,US,Mid/Small,S&P1000,Y
ticker,SHOO,SHOO,^GSPC,,Consumer Discretionary,Footwear,US,Mid/Small,S&P1000,Y
ticker,SIG,SIG,^GSPC,,Consumer Discretionary,Specialty Stores,US,Mid/Small,S&P1000,Y
ticker,SITM,SITM,^GSPC,,Information Technology,Semiconductors,US,Mid/Small,S&P1000,Y
ticker,SKT,SKT,^GSPC,,Real Estate,Retail REITs,US,Mid/Small,S&P1000,Y
ticker,SKY,SKY,^GSPC,,Consumer Discretionary,Homebuilding,US,Mid/Small,S&P1000,Y
ticker,SKYW,SKYW,^GSPC,,Industrials,Passenger Airlines,US,Mid/Small,S&P1000,Y
ticker,SLG,SLG,^GSPC,,Real Estate,Office REITs,US,Mid/Small,S&P1000,Y
ticker,SLVM,SLVM,^GSPC,,Materials,Paper Products,US,Mid/Small,S&P1000,Y
ticker,SM,SM,^GSPC,,Energy,Oil & Gas Exploration & Production,US,Mid/Small,S&P1000,Y
ticker,SMP,SMP,^GSPC,,Consumer Discretionary,Automotive Parts & Equipment,US,Mid/Small,S&P1000,Y
ticker,SMPL,SMPL,^GSPC,,Consumer Staples,Packaged Foods & Meats,US,Mid/Small,S&P1000,Y
ticker,SMTC,SMTC,^GSPC,,Information Technology,Semiconductors,US,Mid/Small,S&P1000,Y
ticker,SNCY,SNCY,^GSPC,,,,US,Mid/Small,S&P1000,Y
ticker,SNDR,SNDR,^GSPC,,Industrials,Cargo Ground Transportation,US,Mid/Small,S&P1000,Y
ticker,SNEX,SNEX,^GSPC,,Financials,Investment Banking & Brokerage,US,Mid/Small,S&P1000,Y
ticker,SOLS,SOLS,^GSPC,,Materials,Specialty Chemicals,US,Mid/Small,S&P1000,Y
ticker,SONO,SONO,^GSPC,,Consumer Discretionary,Consumer Electronics,US,Mid/Small,S&P1000,Y
ticker,SPNT,SPNT,^GSPC,,Financials,Reinsurance,US,Mid/Small,S&P1000,Y
ticker,SPSC,SPSC,^GSPC,,Information Technology,Application Software,US,Mid/Small,S&P1000,Y
ticker,SRPT,SRPT,^GSPC,,Health Care,Biotechnology,US,Mid/Small,S&P1000,Y
ticker,SSTK,SSTK,^GSPC,,,,US,Mid/Small,S&P1000,Y
ticker,STAA,STAA,^GSPC,,Health Care,Health Care Equipment,US,Mid/Small,S&P1000,Y
ticker,STBA,STBA,^GSPC,,Financials,Regional Banks,US,Mid/Small,S&P1000,Y
ticker,STC,STC,^GSPC,,Financials,Property & Casualty Insurance,US,Mid/Small,S&P1000,Y
ticker,STEL,STEL,^GSPC,,Financials,Regional Banks,US,Mid/Small,S&P1000,Y
ticker,STEP,STEP,^GSPC,,Financials,Asset Management & Custody Banks,US,Mid/Small,S&P1000,Y
ticker,STRA,STRA,^GSPC,,Consumer Discretionary,Education Services,US,Mid/Small,S&P1000,Y
ticker,SUPN,SUPN,^GSPC,,Health Care,Pharmaceuticals,US,Mid/Small,S&P1000,Y
ticker,SXC,SXC,^GSPC,,,,US,Mid/Small,S&P1000,Y
ticker,SXI,SXI,^GSPC,,Industrials,Industrial Machinery & Supplies & Components,US,Mid/Small,S&P1000,Y
ticker,SXT,SXT,^GSPC,,Materials,Specialty Chemicals,US,Mid/Small,S&P1000,Y
ticker,TALO,TALO,^GSPC,,Energy,Oil & Gas Exploration & Production,US,Mid/Small,S&P1000,Y
ticker,TBBK,TBBK,^GSPC,,Financials,Regional Banks,US,Mid/Small,S&P1000,Y
ticker,TDC,TDC,^GSPC,,Information Technology,IT Consulting & Other Services,US,Mid/Small,S&P1000,Y
ticker,TDS,TDS,^GSPC,,Communication Services,Integrated Telecommunication Services,US,Mid/Small,S&P1000,Y
ticker,TDW,TDW,^GSPC,,Energy,Oil & Gas Equipment & Services,US,Mid/Small,S&P1000,Y
ticker,TFIN,TFIN,^GSPC,,Financials,Regional Banks,US,Mid/Small,S&P1000,Y
ticker,TFX,TFX,^GSPC,,Health Care,Health Care Equipment,US,Mid/Small,S&P1000,Y
ticker,TGNA,TGNA,^GSPC,,,,US,Mid/Small,S&P1000,Y
ticker,TGTX,TGTX,^GSPC,,Health Care,Biotechnology,US,Mid/Small,S&P1000,Y
ticker,THRM,THRM,^GSPC,,Consumer Discretionary,Automotive Parts & Equipment,US,Mid/Small,S&P1000,Y
ticker,THS,THS,^GSPC,,,,US,Mid/Small,S&P1000,Y
ticker,TILE,TILE,^GSPC,,Industrials,Office Services & Supplies,US,Mid/Small,S&P1000,Y
ticker,TMDX,TMDX,^GSPC,,Health Care,Health Care Equipment,US,Mid/Small,S&P1000,Y
ticker,TMP,TMP,^GSPC,,Financials,Regional Banks,US,Mid/Small,S&P1000,Y
ticker,TNC,TNC,^GSPC,,Industrials,Industrial Machinery & Supplies & Components,US,Mid/Small,S&P1000,Y
ticker,TNDM,TNDM,^GSPC,,Health Care,Health Care Equipment,US,Mid/Small,S&P1000,Y
ticker,TPH,TPH,^GSPC,,,,US,Mid/Small,S&P1000,Y
ticker,TR,TR,^GSPC,,Consumer Staples,Packaged Foods & Meats,US,Mid/Small,S&P1000,Y
ticker,TRIP,TRIP,^GSPC,,Communication Services,Interactive Media & Services,US,Mid/Small,S&P1000,Y
ticker,TRMK,TRMK,^GSPC,,Financials,Regional Banks,US,Mid/Small,S&P1000,Y
ticker,TRN,TRN,^GSPC,,Industrials,Construction Machinery & Heavy Transportation Equipment,US,Mid/Small,S&P1000,Y
ticker,TRNO,TRNO,^GSPC,,Real Estate,Industrial REITs,US,Mid/Small,S&P1000,Y
ticker,TRST,TRST,^GSPC,,Financials,Regional Banks,US,Mid/Small,S&P1000,Y
ticker,TRUP,TRUP,^GSPC,,Financials,Life & Health Insurance,US,Mid/Small,S&P1000,Y
ticker,TTMI,TTMI,^GSPC,,Information Technology,Electronic Manufacturing Services,US,Mid/Small,S&P1000,Y
ticker,TWI,TWI,^GSPC,,,,US,Mid/Small,S&P1000,Y
ticker,TWO,TWO,^GSPC,,Financials,Mortgage REITs,US,Mid/Small,S&P1000,Y
ticker,UA,UA,^GSPC,,Consumer Discretionary,"Apparel, Accessories & Luxury Goods",US,Mid/Small,S&P1000,Y
ticker,UAA,UAA,^GSPC,,Consumer Discretionary,"Apparel, Accessories & Luxury Goods",US,Mid/Small,S&P1000,Y
ticker,UCB,UCB,^GSPC,,Financials,Regional Banks,US,Mid/Small,S&P1000,Y
ticker,UCTT,UCTT,^GSPC,,Information Technology,Semiconductor Materials & Equipment,US,Mid/Small,S&P1000,Y
ticker,UE,UE,^GSPC,,Real Estate,Retail REITs,US,Mid/Small,S&P1000,Y
ticker,UFCS,UFCS,^GSPC,,Financials,Property & Casualty Insurance,US,Mid/Small,S&P1000,Y
ticker,UFPT,UFPT,^GSPC,,Health Care,Health Care Equipment,US,Mid/Small,S&P1000,Y
ticker,UHT,UHT,^GSPC,,Real Estate,Health Care REITs,US,Mid/Small,S&P1000,Y
ticker,UNF,UNF,^GSPC,,Industrials,Diversified Support Services,US,Mid/Small,S&P1000,Y
ticker,UNFI,UNFI,^GSPC,,Consumer Staples,Food Retail,US,Mid/Small,S&P1000,Y
ticker,UNIT,UNIT,^GSPC,,Communication Services,Alternative Carriers,US,Mid/Small,S&P1000,Y
ticker,UPBD,UPBD,^GSPC,,Consumer Discretionary,Computer & Electronics Retail,US,Mid/Small,S&P1000,Y
ticker,UPWK,UPWK,^GSPC,,Industrials,Human Resource & Employment Services,US,Mid/Small,S&P1000,Y
ticker,URBN,URBN,^GSPC,,Consumer Discretionary,Apparel Retail,US,Mid/Small,S&P1000,Y
ticker,USPH,USPH,^GSPC,,Health Care,Health Care Facilities,US,Mid/Small,S&P1000,Y
ticker,UTL,UTL,^GSPC,,Utilities,Electric Utilities,US,Mid/Small,S&P1000,Y
ticker,UVV,UVV,^GSPC,,Consumer Staples,Tobacco,US,Mid/Small,S&P1000,Y
ticker,VAC,VAC,^GSPC,,Consumer Discretionary,"Hotels, Resorts & Cruise Lines",US,Mid/Small,S&P1000,Y
ticker,VCEL,VCEL,^GSPC,,Health Care,Biotechnology,US,Mid/Small,S&P1000,Y
ticker,VCTR,VCTR,^GSPC,,Financials,Asset Management & Custody Banks,US,Mid/Small,S&P1000,Y
ticker,VCYT,VCYT,^GSPC,,Health Care,Health Care Services,US,Mid/Small,S&P1000,Y
ticker,VECO,VECO,^GSPC,,Information Technology,Semiconductor Materials & Equipment,US,Mid/Small,S&P1000,Y
ticker,VIAV,VIAV,^GSPC,,Information Technology,Communications Equipment,US,Mid/Small,S&P1000,Y
ticker,VICR,VICR,^GSPC,,Industrials,Electrical Components & Equipment,US,Mid/Small,S&P1000,Y
ticker,VIR,VIR,^GSPC,,Health Care,Biotechnology,US,Mid/Small,S&P1000,Y
ticker,VIRT,VIRT,^GSPC,,Financials,Financial Exchanges & Data,US,Mid/Small,S&P1000,Y
ticker,VITL,VITL,^GSPC,,Consumer Staples,Agricultural Products & Services,US,Mid/Small,S&P1000,Y
ticker,VRE,VRE,^GSPC,,,,US,Mid/Small,S&P1000,Y
ticker,VRRM,VRRM,^GSPC,,Industrials,Data Processing & Outsourced Services,US,Mid/Small,S&P1000,Y
ticker,VRTS,VRTS,^GSPC,,Financials,Asset Management & Custody Banks,US,Mid/Small,S&P1000,Y
ticker,VSAT,VSAT,^GSPC,,Information Technology,Communications Equipment,US,Mid/Small,S&P1000,Y
ticker,VSCO,VSCO,^GSPC,,,,US,Mid/Small,S&P1000,Y
ticker,VSH,VSH,^GSPC,,Information Technology,Electronic Components,US,Mid/Small,S&P1000,Y
ticker,VSNT,VSNT,^GSPC,,Communication Services,Cable & Satellite,US,Mid/Small,S&P1000,Y
ticker,VSTS,VSTS,^GSPC,,Industrials,Diversified Support Services,US,Mid/Small,S&P1000,Y
ticker,VTOL,VTOL,^GSPC,,Energy,Oil & Gas Equipment & Services,US,Mid/Small,S&P1000,Y
ticker,VYX,VYX,^GSPC,,Information Technology,IT Consulting & Other Services,US,Mid/Small,S&P1000,Y
ticker,WABC,WABC,^GSPC,,Financials,Regional Banks,US,Mid/Small,S&P1000,Y
ticker,WAFD,WAFD,^GSPC,,Financials,Regional Banks,US,Mid/Small,S&P1000,Y
ticker,WAY,WAY,^GSPC,,Health Care,Health Care Technology,US,Mid/Small,S&P1000,Y
ticker,WD,WD,^GSPC,,Financials,Commercial & Residential Mortgage Finance,US,Mid/Small,S&P1000,Y
ticker,WDFC,WDFC,^GSPC,,Consumer Staples,Household Products,US,Mid/Small,S&P1000,Y
ticker,WEN,WEN,^GSPC,,Consumer Discretionary,Restaurants,US,Mid/Small,S&P1000,Y
ticker,WERN,WERN,^GSPC,,Industrials,Cargo Ground Transportation,US,Mid/Small,S&P1000,Y
ticker,WGO,WGO,^GSPC,,Consumer Discretionary,Automobile Manufacturers,US,Mid/Small,S&P1000,Y
ticker,WHD,WHD,^GSPC,,Energy,Oil & Gas Equipment & Services,US,Mid/Small,S&P1000,Y
ticker,WINA,WINA,^GSPC,,Consumer Discretionary,Other Specialty Retail,US,Mid/Small,S&P1000,Y
ticker,WKC,WKC,^GSPC,,Energy,Oil & Gas Refining & Marketing,US,Mid/Small,S&P1000,Y
ticker,WLY,WLY,^GSPC,,Communication Services,Publishing,US,Mid/Small,S&P1000,Y
ticker,WOR,WOR,^GSPC,,Industrials,Building Products,US,Mid/Small,S&P1000,Y
ticker,WRLD,WRLD,^GSPC,,Financials,Consumer Finance,US,Mid/Small,S&P1000,Y
ticker,WS,WS,^GSPC,,Materials,Steel,US,Mid/Small,S&P1000,Y
ticker,WSC,WSC,^GSPC,,Industrials,Office Services & Supplies,US,Mid/Small,S&P1000,Y
ticker,WSFS,WSFS,^GSPC,,Financials,Regional Banks,US,Mid/Small,S&P1000,Y
ticker,WSR,WSR,^GSPC,,Real Estate,Retail REITs,US,Mid/Small,S&P1000,Y
ticker,WT,WT,^GSPC,,Financials,Asset Management & Custody Banks,US,Mid/Small,S&P1000,Y
ticker,WU,WU,^GSPC,,Financials,Transaction & Payment Processing Services,US,Mid/Small,S&P1000,Y
ticker,WWW,WWW,^GSPC,,Consumer Discretionary,Footwear,US,Mid/Small,S&P1000,Y
ticker,XHR,XHR,^GSPC,,Real Estate,Hotel & Resort REITs,US,Mid/Small,S&P1000,Y
ticker,XNCR,XNCR,^GSPC,,Health Care,Biotechnology,US,Mid/Small,S&P1000,Y
ticker,XPEL,XPEL,^GSPC,,Consumer Discretionary,Automotive Parts & Equipment,US,Mid/Small,S&P1000,Y
ticker,YELP,YELP,^GSPC,,Communication Services,Interactive Media & Services,US,Mid/Small,S&P1000,Y
ticker,YOU,YOU,^GSPC,,Information Technology,Application Software,US,Mid/Small,S&P1000,Y
ticker,ZD,ZD,^GSPC,,Communication Services,Advertising,US,Mid/Small,S&P1000,Y
ticker,ZWS,ZWS,^GSPC,,Industrials,Industrial Machinery & Supplies & Components,US,Mid/Small,S&P1000,Y
index,^AEX,,^AEX,,,,,,Index,Y
index,^ATX,,^ATX,,,,,,Index,Y
index,^BFX,,^BFX,,,,,,Index,Y
index,^FCHI,,^FCHI,,,,,,Index,Y
index,FTSEMIB.MI,,FTSEMIB.MI,,,,,,Index,Y
index,^FTSE,,^FTSE,,,,,,Index,Y
index,^GDAXI,,^GDAXI,,,,,,Index,Y
index,^GSPC,,^GSPC,,,,,,Index,Y
index,^GSPTSE,,^GSPTSE,,,,,,Index,Y
index,^IBEX,,^IBEX,,,,,,Index,Y
index,^OMX,,^OMX,,,,,,Index,Y
index,^OMXC25,,^OMXC25,,,,,,Index,Y
index,^OSEAX,,^OSEAX,,,,,,Index,Y
index,^SSMI,,^SSMI,,,,,,Index,Y
index,^WIG20,,^WIG20,,,,,,Index,Y
ticker,MSF.DE,MSFD,^GDAXI,,Information Technology,Systems Software,Europe,Mega/Large,curated,Y
